epoch,train_mse,rmse,mae,r2
1,0.7357690902643426,0.8322024819757611,0.6256594387666277,0.23940121671560366
2,0.4975146228490874,0.8132379743818205,0.6127293292509737,0.2736717888524175
3,0.47344142129254896,0.81635791579217,0.6137005744937595,0.2680880644816427
4,0.4607010151064673,0.8152797605272228,0.61172686215124,0.2700200445697346
5,0.45138405436693235,0.8087198920018753,0.6079454480074926,0.2817198510968204
6,0.44137586549270985,0.8045011792673094,0.6029914302999961,0.28919416705800804
7,0.43482914359070535,0.8115534308745163,0.6085376458892107,0.2766777091302134
8,0.42661213458970537,0.8085116019528544,0.6040250589435232,0.2820897970877796
9,0.41980758933133855,0.8079606735655701,0.6021667220834789,0.2830678470120399
10,0.41671348657718926,0.8103113520146896,0.6049414517471144,0.2788900978054535
