catalog_id,title_zh,title_en,release_year,origin,genres,overview_zh,source_name,source_url,movielens_movie_id
cn001,神女,The Goddess,1934,中国大陆,剧情,"无声电影时期的现实主义作品，围绕一位母亲的生活与尊严展开。",中文电影基础目录,https://zh.wikipedia.org/wiki/神女_(电影),
cn002,马路天使,Street Angel,1937,中国大陆,剧情|喜剧,"以城市底层生活为背景，描绘青年人的友情、爱情与困境。",中文电影基础目录,https://zh.wikipedia.org/wiki/马路天使_(1937年电影),
cn003,小城之春,Spring in a Small Town,1948,中国大陆,剧情|爱情,"战后小城中的家庭关系与旧日情感发生微妙变化。",中文电影基础目录,https://zh.wikipedia.org/wiki/小城之春,
cn004,乌鸦与麻雀,Crows and Sparrows,1949,中国大陆,剧情,"一座公寓中的住户共同面对住房与生活危机。",中文电影基础目录,https://zh.wikipedia.org/wiki/乌鸦与麻雀,
cn005,林家铺子,The Lin Family Shop,1959,中国大陆,剧情,"通过一家小商铺的处境呈现社会与经济压力。",中文电影基础目录,https://zh.wikipedia.org/wiki/林家铺子_(电影),
cn006,早春二月,Early Spring in February,1963,中国大陆,剧情|爱情,"知识青年在理想、爱情与现实责任之间作出选择。",中文电影基础目录,https://zh.wikipedia.org/wiki/早春二月_(电影),
cn007,城南旧事,My Memories of Old Beijing,1983,中国大陆,剧情,"从儿童视角回望旧北京的人情、相遇与离别。",中文电影基础目录,https://zh.wikipedia.org/wiki/城南旧事_(电影),
cn008,红高粱,Red Sorghum,1987,中国大陆,剧情|历史,"以高粱地和酒坊为背景讲述生命、爱情与抗争。",中文电影基础目录,https://zh.wikipedia.org/wiki/红高粱_(电影),
cn009,大红灯笼高高挂,Raise the Red Lantern,1991,中国大陆,剧情,"封闭宅院中的礼法、权力与女性命运相互交织。",中文电影基础目录,https://zh.wikipedia.org/wiki/大红灯笼高高挂,
cn010,秋菊打官司,The Story of Qiu Ju,1992,中国大陆,剧情|喜剧,"农村女性为寻求一个说法不断奔走于基层行政体系。",中文电影基础目录,https://zh.wikipedia.org/wiki/秋菊打官司,
cn011,霸王别姬,Farewell My Concubine,1993,中国大陆|中国香港,剧情|爱情,"两位京剧演员的命运与时代变迁交错展开。",中文电影基础目录,https://zh.wikipedia.org/wiki/霸王别姬_(电影),
cn012,活着,To Live,1994,中国大陆|中国香港,剧情|历史,"一个普通家庭在时代变化中经历聚散与坚守。",中文电影基础目录,https://zh.wikipedia.org/wiki/活着_(电影),
cn013,阳光灿烂的日子,In the Heat of the Sun,1994,中国大陆,剧情,"少年以回忆口吻讲述青春、友谊与躁动。",中文电影基础目录,https://zh.wikipedia.org/wiki/阳光灿烂的日子,
cn014,一个都不能少,Not One Less,1999,中国大陆,剧情,"乡村代课教师为找回辍学学生走进城市。",中文电影基础目录,https://zh.wikipedia.org/wiki/一个都不能少,
cn015,鬼子来了,Devils on the Doorstep,2000,中国大陆,剧情|战争,"战争背景下的荒诞处境逐渐演变为悲剧。",中文电影基础目录,https://zh.wikipedia.org/wiki/鬼子来了,
cn016,卧虎藏龙,"Crouching Tiger, Hidden Dragon",2000,中国大陆|中国台湾|中国香港,动作|武侠|爱情,"围绕宝剑、江湖选择与人物情感展开的武侠故事。",中文电影基础目录,https://zh.wikipedia.org/wiki/臥虎藏龍_(電影),
cn017,英雄,Hero,2002,中国大陆|中国香港,动作|武侠|剧情,"刺客往事通过多重叙述呈现个人选择与天下观念。",中文电影基础目录,https://zh.wikipedia.org/wiki/英雄_(2002年电影),
cn018,无间道,Infernal Affairs,2002,中国香港,犯罪|剧情|惊悚,"警方与犯罪集团中的双重卧底展开身份与心理较量。",中文电影基础目录,https://zh.wikipedia.org/wiki/無間道,
cn019,功夫,Kung Fu Hustle,2004,中国大陆|中国香港,动作|喜剧|奇幻,"市井小人物卷入帮派冲突，并在意外中重新认识自己。",中文电影基础目录,https://zh.wikipedia.org/wiki/功夫_(电影),
cn020,天下无贼,A World Without Thieves,2004,中国大陆|中国香港,剧情|犯罪,"一趟列车旅程让多方人物围绕善意与欲望展开较量。",中文电影基础目录,https://zh.wikipedia.org/wiki/天下无贼,
cn021,疯狂的石头,Crazy Stone,2006,中国大陆,喜剧|犯罪,"一块宝石引发多组人物彼此交错的争夺与误会。",中文电影基础目录,https://zh.wikipedia.org/wiki/疯狂的石头,
cn022,集结号,Assembly,2007,中国大陆,剧情|战争,"一名军人为战友的名誉与身份记录奔走多年。",中文电影基础目录,https://zh.wikipedia.org/wiki/集结号,
cn023,让子弹飞,Let the Bullets Fly,2010,中国大陆|中国香港,动作|喜剧|西部,"冒名县长与地方势力在小城展开智力和权力对决。",中文电影基础目录,https://zh.wikipedia.org/wiki/让子弹飞,
cn024,钢的琴,The Piano in a Factory,2010,中国大陆,剧情|喜剧,"下岗工人为女儿组织伙伴制造一架钢琴。",中文电影基础目录,https://zh.wikipedia.org/wiki/钢的琴,
cn025,桃姐,A Simple Life,2011,中国香港,剧情,"长期相伴的主仆在衰老与照护中重新理解亲情。",中文电影基础目录,https://zh.wikipedia.org/wiki/桃姐,
cn026,一代宗师,The Grandmaster,2013,中国大陆|中国香港,动作|武侠|剧情,"多位武术人物在时代变迁中面对传承、选择与离散。",中文电影基础目录,https://zh.wikipedia.org/wiki/一代宗师,
cn027,心迷宫,The Coffin in the Mountain,2014,中国大陆,剧情|悬疑|犯罪,"一口棺材将山村中多条秘密与人物关系连接起来。",中文电影基础目录,https://zh.wikipedia.org/wiki/心迷宫,
cn028,山河故人,Mountains May Depart,2015,中国大陆|法国|日本,剧情,"跨越多年的人物关系呈现家庭、迁徙与时代变化。",中文电影基础目录,https://zh.wikipedia.org/wiki/山河故人,
cn029,路边野餐,Kaili Blues,2015,中国大陆,剧情|奇幻,"一段寻找亲人的旅程在现实、记忆与梦境之间展开。",中文电影基础目录,https://zh.wikipedia.org/wiki/路边野餐,
cn030,湄公河行动,Operation Mekong,2016,中国大陆|中国香港,动作|犯罪,"执法人员围绕跨境案件展开调查与行动。",中文电影基础目录,https://zh.wikipedia.org/wiki/湄公河行动,
cn031,我不是药神,Dying to Survive,2018,中国大陆,剧情|喜剧,"普通商人因帮助病患获取药物而面对法律与伦理选择。",中文电影基础目录,https://zh.wikipedia.org/wiki/我不是药神,
cn032,红海行动,Operation Red Sea,2018,中国大陆|中国香港,动作|战争,"海军特战队执行撤侨和营救任务。",中文电影基础目录,https://zh.wikipedia.org/wiki/红海行动,
cn033,地久天长,"So Long, My Son",2019,中国大陆,剧情,"两个家庭跨越数十年的关系映照个人创伤与社会变化。",中文电影基础目录,https://zh.wikipedia.org/wiki/地久天长_(电影),
cn034,流浪地球,The Wandering Earth,2019,中国大陆,科幻|灾难,"人类试图推动地球离开太阳系，以应对全球危机。",中文电影基础目录,https://zh.wikipedia.org/wiki/流浪地球_(电影),
cn035,哪吒之魔童降世,Ne Zha,2019,中国大陆,动画|奇幻|喜剧,"少年哪吒在偏见与命运安排中寻找自己的道路。",中文电影基础目录,https://zh.wikipedia.org/wiki/哪吒之魔童降世,
cn036,少年的你,Better Days,2019,中国大陆|中国香港,剧情|犯罪,"两名少年在校园暴力与成长压力中互相扶持。",中文电影基础目录,https://zh.wikipedia.org/wiki/少年的你,
cn037,夺冠,Leap,2020,中国大陆|中国香港,剧情|运动,"以中国女排不同时期的经历呈现团队、训练与传承。",中文电影基础目录,https://zh.wikipedia.org/wiki/夺冠_(电影),
cn038,你好，李焕英,"Hi, Mom",2021,中国大陆,喜剧|剧情|奇幻,"女儿意外回到母亲年轻时代，重新认识亲情与遗憾。",中文电影基础目录,https://zh.wikipedia.org/wiki/你好，李焕英,
cn039,长津湖,The Battle at Lake Changjin,2021,中国大陆|中国香港,战争|历史|剧情,"以长津湖战役为背景描绘部队行动与人物经历。",中文电影基础目录,https://zh.wikipedia.org/wiki/长津湖_(电影),
cn040,隐入尘烟,Return to Dust,2022,中国大陆,剧情,"西北乡村中的两个人在共同生活与劳作中建立感情。",中文电影基础目录,https://zh.wikipedia.org/wiki/隐入尘烟,
cn041,深海,Deep Sea,2023,中国大陆,动画|奇幻|冒险,"女孩进入绚丽海底世界并面对内心困境。",中文电影基础目录,https://zh.wikipedia.org/wiki/深海_(电影),
cn042,封神第一部：朝歌风云,Creation of the Gods I: Kingdom of Storms,2023,中国大陆,奇幻|动作|历史,"以中国神话为基础讲述商周之际的战争与人物抉择。",中文电影基础目录,https://zh.wikipedia.org/wiki/封神第一部：朝歌风云,
cn043,年会不能停！,Johnny Keep Walking!,2023,中国大陆,喜剧|剧情,"基层员工误入大公司总部，在职场变化中寻找立足方式。",中文电影基础目录,https://zh.wikipedia.org/wiki/年会不能停！,
cn044,热辣滚烫,YOLO,2024,中国大陆,喜剧|剧情|运动,"长期封闭自我的女性通过拳击重新建立生活目标。",中文电影基础目录,https://zh.wikipedia.org/wiki/热辣滚烫,
cn045,第二十条,Article 20,2024,中国大陆,剧情|喜剧,检察官在多起案件中重新审视正当防卫与公平正义。,中文电影基础目录,https://zh.wikipedia.org/wiki/第二十条_(电影),
cn046,抓娃娃,Successor,2024,中国大陆,喜剧|家庭,"一对父母以特殊方式培养孩子，引发家庭教育上的冲突与反思。",中文电影基础目录,https://zh.wikipedia.org/wiki/抓娃娃,
cn047,出走的决心,Like a Rolling Stone,2024,中国大陆,剧情,"一位女性在人生后半程重新规划生活并踏上旅途。",中文电影基础目录,https://zh.wikipedia.org/wiki/出走的决心,
cn048,好东西,Her Story,2024,中国大陆,剧情|喜剧,"几位都市女性在生活、关系与自我表达中彼此支持。",中文电影基础目录,https://zh.wikipedia.org/wiki/好东西_(电影),
