catalog_id,cn_movie_index,title_zh,title_en,release_year,origins,languages,wikidata_id,imdb_id,source_url
cnwd_q2276999,1,摇啊摇，摇到外婆桥,Shanghai Triad,1995,中国大陆,官话,Q2276999,tt0115012,https://www.wikidata.org/wiki/Q2276999
cnwd_q789374,2,红番区,Rumble in the Bronx,1995,中国香港,中文,Q789374,tt0113326,https://www.wikidata.org/wiki/Q789374
cnwd_q766263,3,重庆森林,Chungking Express,1994,中国香港,粤语,Q766263,tt0109424,https://www.wikidata.org/wiki/Q766263
cnwd_q696905,4,饮食男女,Eat Drink Man Woman,1994,中国台湾,官话,Q696905,tt0111797,https://www.wikidata.org/wiki/Q696905
cnwd_q702270,5,推手,Pushing Hands,1991,中国台湾,官话,Q702270,tt0105652,https://www.wikidata.org/wiki/Q702270
cnwd_q7304137,6,炮打雙燈,"Red Firecracker, Green Firecracker",1994,中国大陆,官话,Q7304137,tt0110769,https://www.wikidata.org/wiki/Q7304137
cnwd_q151784,7,活着,To Live,1994,中国大陆|中国香港,官话,Q151784,tt0110081,https://www.wikidata.org/wiki/Q151784
cnwd_q725167,8,东邪西毒,Ashes of Time,1994,中国香港,粤语,Q725167,tt0109688,https://www.wikidata.org/wiki/Q725167
cnwd_q5411788,9,天国逆子,The Day the Sun Turned Cold,1994,中国香港,官话,Q5411788,tt0111424,https://www.wikidata.org/wiki/Q5411788
cnwd_q5189588,10,乌鸦与麻雀,Crows and Sparrows,1949,中国大陆,中文,Q5189588,tt0042054,https://www.wikidata.org/wiki/Q5189588
cnwd_q1144956,11,警察故事3超级警察,Supercop,1992,中国香港,粤语,Q1144956,tt0104558,https://www.wikidata.org/wiki/Q1144956
cnwd_q711684,12,爱情万岁,Vive L'Amour,1994,中国台湾,官话,Q711684,tt0109066,https://www.wikidata.org/wiki/Q711684
cnwd_q2708227,13,超级计划,Supercop 2,1993,中国香港,粤语,Q2708227,tt0106544,https://www.wikidata.org/wiki/Q2708227
cnwd_q4446299,14,皇家師姐,"Yes, Madam",1985,中国香港,粤语,Q4446299,tt0093229,https://www.wikidata.org/wiki/Q4446299
cnwd_q269326,15,喋血双雄,The Killer,1989,中国香港,粤语,Q269326,tt0097202,https://www.wikidata.org/wiki/Q269326
cnwd_q665146,16,大红灯笼高高挂,Raise the Red Lantern,1991,中国大陆,官话,Q665146,tt0101640,https://www.wikidata.org/wiki/Q665146
cnwd_q1144962,17,警察故事4之简单任务,First Strike,1996,中国香港,粤语,Q1144962,tt0116704,https://www.wikidata.org/wiki/Q1144962
cnwd_q734186,18,風月,Temptress Moon,1996,中国大陆,现代标准汉语,Q734186,tt0116295,https://www.wikidata.org/wiki/Q734186
cnwd_q1353408,19,堕落天使,Fallen Angels,1995,中国香港,官话|粤语,Q1353408,tt0112913,https://www.wikidata.org/wiki/Q1353408
cnwd_q1277970,20,東宮西宮,"East Palace, West Palace",1996,中国大陆,官话,Q1277970,tt0119007,https://www.wikidata.org/wiki/Q1277970
cnwd_q2093119,21,双龙会,Twin Dragons,1992,中国香港,粤语,Q2093119,tt0105399,https://www.wikidata.org/wiki/Q2093119
cnwd_q1763849,22,猩猩王,The Mighty Peking Man,1977,中国香港,现代标准汉语,Q1763849,tt0076164,https://www.wikidata.org/wiki/Q1763849
cnwd_q1125573,23,变脸 (1995年电影),The King of Masks,1996,中国大陆|中国香港,官话,Q1125573,tt0115669,https://www.wikidata.org/wiki/Q1125573
cnwd_q703079,24,天浴,Xiu Xiu: The Sent Down Girl,1998,中国大陆,官话,Q703079,tt0115005,https://www.wikidata.org/wiki/Q703079
cnwd_q1549966,25,飞鹰计划,Armour of God II: Operation Condor,1991,中国香港,粤语,Q1549966,tt0099558,https://www.wikidata.org/wiki/Q1549966
cnwd_q1199513,26,龙兄虎弟,Armour of God,1986,中国香港,中文,Q1199513,tt0091431,https://www.wikidata.org/wiki/Q1199513
cnwd_q166588,27,红高粱,Red Sorghum,1988,中国大陆,中文,Q166588,tt0093206,https://www.wikidata.org/wiki/Q166588
cnwd_q1361789,28,荆轲刺秦王,The Emperor and the Assassin,1998,中国大陆,中文,Q1361789,tt0162866,https://www.wikidata.org/wiki/Q1361789
cnwd_q573823,29,辣手神探,Hard Boiled,1992,中国香港,粤语,Q573823,tt0104684,https://www.wikidata.org/wiki/Q573823
cnwd_q1190863,30,一个都不能少,Not One Less,1999,中国大陆,中文,Q1190863,tt0209189,https://www.wikidata.org/wiki/Q1190863
cnwd_q3099650,31,洗澡,Shower,1999,中国大陆,官话,Q3099650,tt0215369,https://www.wikidata.org/wiki/Q3099650
cnwd_q1261372,32,醉拳二,Drunken Master II,1994,中国香港,粤语,Q1261372,tt0111512,https://www.wikidata.org/wiki/Q1261372
cnwd_q273978,33,卧虎藏龙,"Crouching Tiger, Hidden Dragon",2000,中国台湾|中国大陆|中国香港,中文|官话|现代标准汉语,Q273978,tt0190332,https://www.wikidata.org/wiki/Q273978
cnwd_q1056853,34,花样年华,In the Mood for Love,2000,中国香港,粤语,Q1056853,tt0118694,https://www.wikidata.org/wiki/Q1056853
cnwd_q7460548,35,西洋鏡,Shadow Magic,2000,中国大陆,官话,Q7460548,tt0238588,https://www.wikidata.org/wiki/Q7460548
cnwd_q704513,36,一一,Yi Yi,2000,中国台湾,官话,Q704513,tt0244316,https://www.wikidata.org/wiki/Q704513
cnwd_q253565,37,精武门,Fist of Fury,1972,中国香港,粤语,Q253565,tt0068767,https://www.wikidata.org/wiki/Q253565
cnwd_q854576,38,死亡游戏,Game of Death,1978,中国香港,粤语,Q854576,tt0077594,https://www.wikidata.org/wiki/Q854576
cnwd_q2138296,39,少年黃飛鴻之鐵馬騮,Iron Monkey,1993,中国香港,粤语,Q2138296,tt0108148,https://www.wikidata.org/wiki/Q2138296
cnwd_q2706587,40,玉蒲团之偷情宝鉴,Sex and Zen,1991,中国香港,粤语,Q2706587,tt0105287,https://www.wikidata.org/wiki/Q2706587
cnwd_q1634327,41,你那边几点,What Time Is It There?,2001,中国台湾,官话,Q1634327,tt0269746,https://www.wikidata.org/wiki/Q1634327
cnwd_q814718,42,十七岁的单车,Beijing Bicycle,2001,中国大陆,现代标准汉语,Q814718,tt0276501,https://www.wikidata.org/wiki/Q814718
cnwd_q1584333,43,幸福时光,Happy Times,2000,中国大陆,官话,Q1584333,tt0303243,https://www.wikidata.org/wiki/Q1584333
cnwd_q1751588,44,蓝宇,Lan Yu,2001,中国香港,官话,Q1751588,tt0292066,https://www.wikidata.org/wiki/Q1751588
cnwd_q7272674,45,昨天,Quitting,2001,中国大陆,官话,Q7272674,tt0298238,https://www.wikidata.org/wiki/Q7272674
cnwd_q711516,46,鬼子来了,Devils on the Doorstep,2000,中国大陆,中文,Q711516,tt0245929,https://www.wikidata.org/wiki/Q711516
cnwd_q4906329,47,大腕,Big Shot's Funeral,2001,中国大陆,中文,Q4906329,tt0287934,https://www.wikidata.org/wiki/Q4906329
cnwd_q71978,48,和你在一起,Together,2002,中国大陆,官话,Q71978,tt0332639,https://www.wikidata.org/wiki/Q71978
cnwd_q2390111,49,縱橫四海,Once a Thief,1991,中国香港,粤语,Q2390111,tt0101020,https://www.wikidata.org/wiki/Q2390111
cnwd_q1473776,50,全職殺手,Fulltime Killer,2001,中国香港,粤语,Q1473776,tt0286635,https://www.wikidata.org/wiki/Q1473776
cnwd_q536299,51,少林足球,Shaolin Soccer,2001,中国香港,粤语,Q536299,tt0286112,https://www.wikidata.org/wiki/Q536299
cnwd_q1464924,52,我的父亲母亲,The Road Home,1999,中国大陆,官话,Q1464924,tt0235060,https://www.wikidata.org/wiki/Q1464924
cnwd_q947446,53,黄飞鸿,Once Upon a Time in China,1991,中国香港,粤语,Q947446,tt0103285,https://www.wikidata.org/wiki/Q947446
cnwd_q747034,54,黃飛鴻之二：男兒當自強,Once Upon a Time in China II,1992,中国香港,粤语,Q747034,tt0105839,https://www.wikidata.org/wiki/Q747034
cnwd_q259332,55,黃飛鴻之三：獅王爭霸,Once Upon a Time in China III,1993,中国香港,粤语,Q259332,tt0108592,https://www.wikidata.org/wiki/Q259332
cnwd_q3528954,56,順流逆流,Time and Tide,2000,中国香港,粤语,Q3528954,tt0251433,https://www.wikidata.org/wiki/Q3528954
cnwd_q675618,57,见鬼,The Eye,2002,中国香港,中文,Q675618,tt0325655,https://www.wikidata.org/wiki/Q675618
cnwd_q1012825,58,蓝风筝,The Blue Kite,1993,中国大陆|中国香港,官话,Q1012825,tt0107358,https://www.wikidata.org/wiki/Q1012825
cnwd_q260379,59,英雄,Hero,2002,中国大陆,官话,Q260379,tt0299977,https://www.wikidata.org/wiki/Q260379
cnwd_q1585023,60,重案组,Crime Story,1993,中国香港,粤语,Q1585023,tt0108656,https://www.wikidata.org/wiki/Q1585023
cnwd_q1204213,61,春光乍泄,Happy Together,1997,中国香港,粤语,Q1204213,tt0118845,https://www.wikidata.org/wiki/Q1204213
cnwd_q429444,62,方世玉,Fong Sai-yuk,1993,中国香港,粤语,Q429444,tt0106936,https://www.wikidata.org/wiki/Q429444
cnwd_q714057,63,无间道,Infernal Affairs,2002,中国香港,粤语,Q714057,tt0338564,https://www.wikidata.org/wiki/Q714057
cnwd_q2132216,64,PTU,PTU,2003,中国香港,粤语,Q2132216,tt0250638,https://www.wikidata.org/wiki/Q2132216
cnwd_q3174281,65,天地英雄,Warriors of Heaven and Earth,2003,中国大陆|中国香港,中文,Q3174281,tt0374330,https://www.wikidata.org/wiki/Q3174281
cnwd_q369388,66,十面埋伏,House of Flying Daggers,2004,中国大陆|中国香港,现代标准汉语,Q369388,tt0385004,https://www.wikidata.org/wiki/Q369388
cnwd_q1213356,67,龍門客棧,Dragon Gate Inn,1967,中国台湾,现代标准汉语,Q1213356,tt0060635,https://www.wikidata.org/wiki/Q1213356
cnwd_q3828759,68,五毒,Five Deadly Venoms,1978,中国香港,中文,Q3828759,tt0077559,https://www.wikidata.org/wiki/Q3828759
cnwd_q2227506,69,豪侠,Last Hurrah for Chivalry,1979,中国香港,粤语,Q2227506,tt0077655,https://www.wikidata.org/wiki/Q2227506
cnwd_q1185829,70,僵尸先生,Mr. Vampire,1985,中国香港,粤语,Q1185829,tt0089371,https://www.wikidata.org/wiki/Q1185829
cnwd_q641346,71,英雄本色,A Better Tomorrow,1986,中国香港,粤语,Q641346,tt0092263,https://www.wikidata.org/wiki/Q641346
cnwd_q300356,72,倩女幽魂,A Chinese Ghost Story,1987,中国香港,中文,Q300356,tt0093978,https://www.wikidata.org/wiki/Q300356
cnwd_q1299823,73,菊豆,Ju Dou,1990,中国大陆,官话,Q1299823,tt0099902,https://www.wikidata.org/wiki/Q1299823
cnwd_q1306553,74,阿飞正传,Days of Being Wild,1990,中国香港,粤语,Q1306553,tt0101258,https://www.wikidata.org/wiki/Q1306553
cnwd_q1815016,75,力王,Riki-oh: The Story of Ricky,1991,中国香港,粤语,Q1815016,tt0102293,https://www.wikidata.org/wiki/Q1815016
cnwd_q698327,76,城市猎人,City Hunter,1993,中国香港,粤语,Q698327,tt0103950,https://www.wikidata.org/wiki/Q698327
cnwd_q644174,77,秋菊打官司,The Story of Qiu Ju,1992,中国大陆,中文,Q644174,tt0105197,https://www.wikidata.org/wiki/Q644174
cnwd_q1315888,78,新龙门客栈,New Dragon Gate Inn,1992,中国香港,现代标准汉语|粤语,Q1315888,tt0105859,https://www.wikidata.org/wiki/Q1315888
cnwd_q909602,79,方世玉续集,Fong Sai-yuk II,1993,中国香港,粤语,Q909602,tt0106937,https://www.wikidata.org/wiki/Q909602
cnwd_q711170,80,戏梦人生,The Puppetmaster,1993,中国台湾,现代标准汉语,Q711170,tt0107157,https://www.wikidata.org/wiki/Q711170
cnwd_q471919,81,太極張三豐,Tai Chi Master,1996,中国香港,粤语,Q471919,tt0108281,https://www.wikidata.org/wiki/Q471919
cnwd_q1021977,82,赤裸羔羊,Naked Killer,1992,中国香港,粤语,Q1021977,tt0109412,https://www.wikidata.org/wiki/Q1021977
cnwd_q1001759,83,精武英雄,Fist of Legend,1994,中国香港,粤语,Q1001759,tt0110200,https://www.wikidata.org/wiki/Q1001759
cnwd_q468146,84,中南海保鑣,The Bodyguard from Beijing,1994,中国香港,粤语,Q468146,tt0111835,https://www.wikidata.org/wiki/Q468146
cnwd_q383729,85,海上花,Flowers of Shanghai,1998,中国台湾,粤语,Q383729,tt0156587,https://www.wikidata.org/wiki/Q383729
cnwd_q1748266,86,洞,The Hole,1998,中国台湾,官话,Q1748266,tt0156610,https://www.wikidata.org/wiki/Q1748266
cnwd_q164702,87,2046,2046,2004,中国大陆|中国香港,官话|粤语,Q164702,tt0212712,https://www.wikidata.org/wiki/Q164702
cnwd_q3453246,88,暗戰,Running Out of Time,1999,中国香港,粤语,Q3453246,tt0216165,https://www.wikidata.org/wiki/Q3453246
cnwd_q1421185,89,苏州河,Suzhou River,2000,中国大陆,现代标准汉语,Q1421185,tt0234837,https://www.wikidata.org/wiki/Q1421185
cnwd_q770074,90,特务迷城,The Accidental Spy,2001,中国香港,粤语,Q770074,tt0271946,https://www.wikidata.org/wiki/Q770074
cnwd_q2263420,91,巴尔扎克与小裁缝,Balzac and the Little Chinese Seamstress,2002,中国大陆,官话,Q2263420,tt0291032,https://www.wikidata.org/wiki/Q2263420
cnwd_q3403703,92,小城之春 (2002年电影),Springtime in a Small Town,2002,中国大陆,官话,Q3403703,tt0332831,https://www.wikidata.org/wiki/Q3403703
cnwd_q851284,93,盲井,Blind Shaft,2003,中国大陆,现代标准汉语,Q851284,tt0351299,https://www.wikidata.org/wiki/Q851284
cnwd_q687068,94,千机变,The Twins Effect,2003,中国香港,粤语,Q687068,tt0351887,https://www.wikidata.org/wiki/Q687068
cnwd_q767751,95,无间道II,Infernal Affairs II,2003,中国香港,粤语,Q767751,tt0369060,https://www.wikidata.org/wiki/Q767751
cnwd_q832366,96,大只佬,Running on Karma,2003,中国香港,粤语,Q832366,tt0374184,https://www.wikidata.org/wiki/Q832366
cnwd_q248354,97,无间道III：终极无间,Infernal Affairs III,2003,中国香港,粤语,Q248354,tt0374339,https://www.wikidata.org/wiki/Q248354
cnwd_q3110692,98,不散,"Goodbye, Dragon Inn",2003,中国台湾,官话,Q3110692,tt0377556,https://www.wikidata.org/wiki/Q3110692
cnwd_q3267894,99,周渔的火车,Zhou Yu's Train,2002,中国大陆,官话,Q3267894,tt0354243,https://www.wikidata.org/wiki/Q3267894
cnwd_q60794,100,玻璃樽,Gorgeous,1999,中国香港,粤语,Q60794,tt0184526,https://www.wikidata.org/wiki/Q60794
cnwd_q1444780,101,《刀(電影)》,The Blade,1995,中国台湾|中国香港,粤语,Q1444780,tt0112800,https://www.wikidata.org/wiki/Q1444780
cnwd_q470759,102,功夫,Kung Fu Hustle,2004,中国大陆|中国香港,粤语,Q470759,tt0373074,https://www.wikidata.org/wiki/Q470759
cnwd_q2618599,103,新蜀山劍俠,Zu Warriors from the Magic Mountain,1983,中国香港,中文,Q2618599,tt0086308,https://www.wikidata.org/wiki/Q2618599
cnwd_q2992506,104,蛇鹤八步,Snake & Crane Arts of Shaolin,1978,中国香港,现代标准汉语,Q2992506,tt0078251,https://www.wikidata.org/wiki/Q2992506
cnwd_q484291,105,三更2,Three... Extremes,2004,中国大陆|中国香港,现代标准汉语,Q484291,tt0420251,https://www.wikidata.org/wiki/Q484291
cnwd_q1851982,106,奇迹,Miracles,1989,中国香港,粤语,Q1851982,tt0098019,https://www.wikidata.org/wiki/Q1851982
cnwd_q708888,107,甜蜜蜜,Comrades: Almost a Love Story,1996,中国香港,现代标准汉语|粤语,Q708888,tt0117905,https://www.wikidata.org/wiki/Q708888
cnwd_q378013,108,警察故事續集,Police Story 2,1988,中国香港,粤语,Q378013,tt0095403,https://www.wikidata.org/wiki/Q378013
cnwd_q1170354,109,大醉俠,Come Drink with Me,1966,中国香港,中文,Q1170354,tt0059079,https://www.wikidata.org/wiki/Q1170354
cnwd_q781053,110,七劍,Seven Swords,2005,中国香港,粤语,Q781053,tt0429078,https://www.wikidata.org/wiki/Q781053
cnwd_q1265160,111,饺子,Dumplings,2004,中国香港,官话|粤语,Q1265160,tt0472458,https://www.wikidata.org/wiki/Q1265160
cnwd_q611370,112,无极,The Promise,2005,中国大陆,现代标准汉语,Q611370,tt0417976,https://www.wikidata.org/wiki/Q611370
cnwd_q1203742,113,旺角卡门,As Tears Go By,1988,中国香港,粤语,Q1203742,tt0096461,https://www.wikidata.org/wiki/Q1203742
cnwd_q2131368,114,黑社會,Election,2005,中国香港,粤语,Q2131368,tt0434008,https://www.wikidata.org/wiki/Q2131368
cnwd_q867713,115,龍虎風雲,City on Fire,1987,中国香港,粤语,Q867713,tt0093435,https://www.wikidata.org/wiki/Q867713
cnwd_q702002,116,天边一朵云,The Wayward Cloud,2005,中国台湾,现代标准汉语,Q702002,tt0445760,https://www.wikidata.org/wiki/Q702002
cnwd_q2085736,117,世界,The World,2004,中国大陆,中文,Q2085736,tt0423176,https://www.wikidata.org/wiki/Q2085736
cnwd_q716883,118,可可西里,Mountain Patrol: Kekexili,2004,中国大陆,中文,Q716883,tt0386651,https://www.wikidata.org/wiki/Q716883
cnwd_q633571,119,霍元甲,Fearless,2006,中国大陆|中国香港,官话,Q633571,tt0446059,https://www.wikidata.org/wiki/Q633571
cnwd_q708945,120,最好的时光,Three Times,2005,中国台湾,现代标准汉语,Q708945,tt0459666,https://www.wikidata.org/wiki/Q708945
cnwd_q2657432,121,詠春,Wing Chun,1994,中国香港,粤语,Q2657432,tt0111800,https://www.wikidata.org/wiki/Q2657432
cnwd_q280276,122,笑傲江湖II東方不敗,Swordsman II,1992,中国香港,粤语,Q280276,tt0103295,https://www.wikidata.org/wiki/Q280276
cnwd_q3374423,123,刀马旦,Peking Opera Blues,1986,中国香港,粤语,Q3374423,tt0090952,https://www.wikidata.org/wiki/Q3374423
cnwd_q1198110,124,霹雳火,Thunderbolt,1995,中国香港,粤语,Q1198110,tt0114126,https://www.wikidata.org/wiki/Q1198110
cnwd_q953938,125,生化壽屍,Bio Zombie,1998,中国香港,粤语,Q953938,tt0277605,https://www.wikidata.org/wiki/Q953938
cnwd_q715374,126,头文字D,Initial D,2005,中国大陆|中国香港,粤语,Q715374,tt0439630,https://www.wikidata.org/wiki/Q715374
cnwd_q197412,127,站台,Platform,2000,中国大陆|中国香港,官话,Q197412,tt0258885,https://www.wikidata.org/wiki/Q197412
cnwd_q2255525,128,黑社会以和为贵,Election 2,2006,中国香港,粤语,Q2255525,tt0491244,https://www.wikidata.org/wiki/Q2255525
cnwd_q51737,129,满城尽带黄金甲,Curse of the Golden Flower,2006,中国大陆|中国香港,官话,Q51737,tt0473444,https://www.wikidata.org/wiki/Q51737
cnwd_q51757,130,夜宴,The Banquet,2006,中国大陆,中文,Q51757,tt0465676,https://www.wikidata.org/wiki/Q51757
cnwd_q656966,131,殺破狼,SPL: Sha Po Lang,2005,中国香港,粤语,Q656966,tt0478024,https://www.wikidata.org/wiki/Q656966
cnwd_q572563,132,少林三十六房,The 36th Chamber of Shaolin,1978,中国香港,中文,Q572563,tt0078243,https://www.wikidata.org/wiki/Q572563
cnwd_q1757025,133,颐和园,Summer Palace,2006,中国大陆,官话,Q1757025,tt0794374,https://www.wikidata.org/wiki/Q1757025
cnwd_q717447,134,诡丝,Silk,2006,中国台湾,官话,Q717447,tt0486480,https://www.wikidata.org/wiki/Q717447
cnwd_q903842,135,大事件,Breaking News,2004,中国香港,粤语,Q903842,tt0414931,https://www.wikidata.org/wiki/Q903842
cnwd_q3061975,136,放·逐,Exiled,2006,中国香港,粤语,Q3061975,tt0796212,https://www.wikidata.org/wiki/Q3061975
cnwd_q1734874,137,龙的心,Heart of Dragon,1985,中国香港,粤语,Q1734874,tt0091427,https://www.wikidata.org/wiki/Q1734874
cnwd_q2471324,138,鬼域,Re-cycle,2006,中国香港,粤语,Q2471324,tt0498311,https://www.wikidata.org/wiki/Q2471324
cnwd_q718524,139,色，戒,"Lust, Caution",2007,中国台湾|中国大陆,现代标准汉语,Q718524,tt0808357,https://www.wikidata.org/wiki/Q718524
cnwd_q1141125,140,少林搭棚大师,Return to the 36th Chamber,1980,中国香港,粤语,Q1141125,tt0081494,https://www.wikidata.org/wiki/Q1141125
cnwd_q609170,141,长江7号,CJ7,2008,中国大陆|中国香港,粤语,Q609170,tt0940709,https://www.wikidata.org/wiki/Q609170
cnwd_q699559,142,投名状,The Warlords,2007,中国大陆,官话,Q699559,tt0913968,https://www.wikidata.org/wiki/Q699559
cnwd_q3983379,143,Ten Minutes Older: The Trumpet,Ten Minutes Older: The Trumpet,2002,中国大陆,官话,Q3983379,tt0304808,https://www.wikidata.org/wiki/Q3983379
cnwd_q5226961,144,苹果,Lost in Beijing,2007,中国大陆,官话,Q5226961,tt0949489,https://www.wikidata.org/wiki/Q5226961
cnwd_q815606,145,赤壁（上）,Red Cliff,2008,中国大陆,官话,Q815606,tt0425637,https://www.wikidata.org/wiki/Q815606
cnwd_q1371155,146,三峡好人,Still Life,2006,中国大陆|中国香港,现代标准汉语,Q1371155,tt0859765,https://www.wikidata.org/wiki/Q1371155
cnwd_q544642,147,導火綫,Flash Point,2007,中国香港,粤语,Q544642,tt0992911,https://www.wikidata.org/wiki/Q544642
cnwd_q358985,148,无畏上将高尔察克,The Admiral,2008,中国大陆,中文,Q358985,tt1101026,https://www.wikidata.org/wiki/Q358985
cnwd_q430987,149,图雅的婚事,Tuya's Marriage,2006,中国大陆,现代标准汉语,Q430987,tt0949564,https://www.wikidata.org/wiki/Q430987
cnwd_q573743,150,葉問,Ip Man,2008,中国香港,粤语,Q573743,tt1220719,https://www.wikidata.org/wiki/Q573743
cnwd_q300622,151,天下无贼,A World Without Thieves,2004,中国大陆,官话,Q300622,tt0439884,https://www.wikidata.org/wiki/Q300622
cnwd_q1754392,152,死亡塔,Game of Death II,1980,中国香港,粤语,Q1754392,tt0076709,https://www.wikidata.org/wiki/Q1754392
cnwd_q697070,153,童年往事,The Time to Live and the Time to Die,1985,中国台湾,现代标准汉语,Q697070,tt0090185,https://www.wikidata.org/wiki/Q697070
cnwd_q133461,154,悲情城市,A City of Sadness,1989,中国台湾,吴语,Q133461,tt0096908,https://www.wikidata.org/wiki/Q133461
cnwd_q2618722,155,神探,Mad Detective,2007,中国香港,粤语,Q2618722,tt0969269,https://www.wikidata.org/wiki/Q2618722
cnwd_q339566,156,洪熙官之少林五祖,The New Legend of Shaolin,1994,中国大陆|中国香港,粤语,Q339566,tt0110054,https://www.wikidata.org/wiki/Q339566
cnwd_q1152485,157,新宿事件,Shinjuku Incident,2009,中国香港,官话,Q1152485,tt1075419,https://www.wikidata.org/wiki/Q1152485
cnwd_q700037,158,南京！南京！,City of Life and Death,2009,中国大陆,现代标准汉语,Q700037,tt1124052,https://www.wikidata.org/wiki/Q700037
cnwd_q3492712,159,文雀,Sparrow,2008,中国香港,粤语,Q3492712,tt0491044,https://www.wikidata.org/wiki/Q3492712
cnwd_q910896,160,苏乞儿,True Legend,2010,中国香港,官话,Q910896,tt1425257,https://www.wikidata.org/wiki/Q910896
cnwd_q327685,161,功夫梦,The Karate Kid,2010,中国大陆,现代标准汉语,Q327685,tt1155076,https://www.wikidata.org/wiki/Q327685
cnwd_q2822693,162,意外,Accident,2009,中国香港,粤语,Q2822693,tt1202514,https://www.wikidata.org/wiki/Q2822693
cnwd_q994033,163,铁三角,Triangle,2007,中国香港,粤语,Q994033,tt0846017,https://www.wikidata.org/wiki/Q994033
cnwd_q1865804,164,看上去很美,Little Red Flowers,2006,中国大陆,官话,Q1865804,tt0492473,https://www.wikidata.org/wiki/Q1865804
cnwd_q1082898,165,独臂刀,The One-Armed Swordsman,1967,中国香港,中文,Q1082898,tt0061597,https://www.wikidata.org/wiki/Q1082898
cnwd_q958097,166,大兵小将,Little Big Soldier,2011,中国大陆|中国香港,官话,Q958097,tt1319718,https://www.wikidata.org/wiki/Q958097
cnwd_q1304619,167,中國先生,Kinamand,2005,中国大陆,官话,Q1304619,tt0414195,https://www.wikidata.org/wiki/Q1304619
cnwd_q767037,168,柔道龍虎榜,Throw Down,2004,中国香港,粤语,Q767037,tt0415380,https://www.wikidata.org/wiki/Q767037
cnwd_q3282717,169,我知女人心,What Women Want,2011,中国大陆,粤语,Q3282717,tt1667150,https://www.wikidata.org/wiki/Q3282717
cnwd_q937630,170,五郎八卦棍,The Eight Diagram Pole Fighter,1984,中国香港,中文,Q937630,tt0086606,https://www.wikidata.org/wiki/Q937630
cnwd_q703857,171,三国之见龙卸甲,Three Kingdoms: Resurrection of the Dragon,2008,中国大陆,现代标准汉语,Q703857,tt0882978,https://www.wikidata.org/wiki/Q703857
cnwd_q703125,172,刺青,Spider Lilies,2007,中国台湾,官话,Q703125,tt0891457,https://www.wikidata.org/wiki/Q703125
cnwd_q2815231,173,二十四城记,24 City,2008,中国大陆,现代标准汉语,Q2815231,tt1103963,https://www.wikidata.org/wiki/Q2815231
cnwd_q3271510,174,风云II,The Storm Warriors,2009,中国大陆,粤语,Q3271510,tt1186371,https://www.wikidata.org/wiki/Q3271510
cnwd_q698728,175,麦兜故事,My Life as McDull,2001,中国香港,粤语,Q698728,tt0312941,https://www.wikidata.org/wiki/Q698728
cnwd_q2087602,176,精武风云·陈真,Legend of the Fist: The Return of Chen Zhen,2010,中国大陆|中国香港,粤语,Q2087602,tt1456661,https://www.wikidata.org/wiki/Q2087602
cnwd_q692863,177,国产凌凌漆,From Beijing with Love,1994,中国香港,粤语,Q692863,tt0109962,https://www.wikidata.org/wiki/Q692863
cnwd_q1893555,178,花木兰,Mulan,2009,中国大陆,官话,Q1893555,tt1308138,https://www.wikidata.org/wiki/Q1893555
cnwd_q24515,179,新少林寺,Shaolin,2011,中国大陆|中国香港,粤语,Q24515,tt1533749,https://www.wikidata.org/wiki/Q24515
cnwd_q7774482,180,小白龍情海翻波,The White Dragon,2004,中国香港,粤语,Q7774482,tt0441263,https://www.wikidata.org/wiki/Q7774482
cnwd_q4183972,181,火龙,Fire of Conscience,2010,中国大陆,粤语,Q4183972,tt1602500,https://www.wikidata.org/wiki/Q4183972
cnwd_q6412210,182,武狀元蘇乞兒,King of Beggars,1992,中国香港,粤语,Q6412210,tt0100963,https://www.wikidata.org/wiki/Q6412210
cnwd_q3084243,183,锦衣卫,14 Blades,2010,中国大陆|中国香港,现代标准汉语,Q3084243,tt1442571,https://www.wikidata.org/wiki/Q3084243
cnwd_q640531,184,恐怖分子,The Terrorizers,1986,中国台湾,官话,Q640531,tt0091355,https://www.wikidata.org/wiki/Q640531
cnwd_q699224,185,金陵十三钗,The Flowers of War,2011,中国大陆,中文,Q699224,tt1410063,https://www.wikidata.org/wiki/Q699224
cnwd_q2412823,186,狄仁杰之通天帝国,Detective Dee and the Mystery of the Phantom Flame,2010,中国大陆|中国香港,官话,Q2412823,tt1123373,https://www.wikidata.org/wiki/Q2412823
cnwd_q2131160,187,十月围城,Bodyguards and Assassins,2009,中国大陆|中国香港,粤语,Q2131160,tt1403130,https://www.wikidata.org/wiki/Q2131160
cnwd_q4101711,188,顶天立地,Not Scared to Die,1973,中国香港,现代标准汉语,Q4101711,tt0070017,https://www.wikidata.org/wiki/Q4101711
cnwd_q7675741,189,太极1从零开始,Tai Chi 0,2012,中国大陆,官话,Q7675741,tt1981080,https://www.wikidata.org/wiki/Q7675741
cnwd_q1254861,190,龙拳,Dragon Fist,1979,中国香港,中文,Q1254861,tt0079484,https://www.wikidata.org/wiki/Q1254861
cnwd_q1677288,191,迷你特攻队,Fantasy Mission Force,1982,中国香港,粤语,Q1677288,tt0079509,https://www.wikidata.org/wiki/Q1677288
cnwd_q651528,192,夏日福星,"Twinkle, Twinkle Lucky Stars",1985,中国香港,粤语,Q651528,tt0090342,https://www.wikidata.org/wiki/Q651528
cnwd_q206182,193,辛亥革命,1911,2011,中国大陆,中文,Q206182,tt1772230,https://www.wikidata.org/wiki/Q206182
cnwd_q600709,194,少林寺,Shaolin Temple,1982,中国大陆,中文,Q600709,tt0079891,https://www.wikidata.org/wiki/Q600709
cnwd_q691478,195,黃飛鴻之西域雄獅,Once Upon a Time in China and America,1997,中国香港,粤语,Q691478,tt0120530,https://www.wikidata.org/wiki/Q691478
cnwd_q389303,196,唐山大地震,Aftershock,2010,中国大陆,官话,Q389303,tt1393746,https://www.wikidata.org/wiki/Q389303
cnwd_q167432,197,桃姐,A Simple Life,2011,中国香港,粤语,Q167432,tt2008006,https://www.wikidata.org/wiki/Q167432
cnwd_q391143,198,十二生肖,CZ12,2012,中国大陆|中国香港,现代标准汉语,Q391143,tt1424310,https://www.wikidata.org/wiki/Q391143
cnwd_q4253250,199,西游·降魔篇,Journey to the West: Conquering the Demons,2013,中国大陆,现代标准汉语,Q4253250,tt2017561,https://www.wikidata.org/wiki/Q4253250
cnwd_q1155695,200,一代宗师,The Grandmaster,2013,中国大陆|中国香港,中文,Q1155695,tt1462900,https://www.wikidata.org/wiki/Q1155695
cnwd_q7675744,201,太极2英雄崛起,Tai Chi Hero,2012,中国大陆,官话|现代标准汉语,Q7675744,tt2296404,https://www.wikidata.org/wiki/Q7675744
cnwd_q10862358,202,叶问：终极一战,Ip Man: The Final Fight,2013,中国香港,粤语,Q10862358,tt2495118,https://www.wikidata.org/wiki/Q10862358
cnwd_q4249764,203,毒戰,Drug War,2012,中国大陆|中国香港,官话,Q4249764,tt2165735,https://www.wikidata.org/wiki/Q4249764
cnwd_q13218237,204,天注定,A Touch of Sin,2013,中国大陆|中国香港,官话,Q13218237,tt2852400,https://www.wikidata.org/wiki/Q13218237
cnwd_q14566094,205,激戰,Unbeatable,2013,中国大陆|中国香港,现代标准汉语|粤语,Q14566094,tt3003668,https://www.wikidata.org/wiki/Q14566094
cnwd_q7734998,206,四大名捕,The Four,2012,中国大陆,现代标准汉语,Q7734998,tt2204340,https://www.wikidata.org/wiki/Q7734998
cnwd_q15731283,207,白日焰火,"Black Coal, Thin Ice",2014,中国大陆|中国香港,官话,Q15731283,tt3469910,https://www.wikidata.org/wiki/Q15731283
cnwd_q2706517,208,喜剧之王,King of Comedy,1999,中国香港,粤语,Q2706517,tt0188766,https://www.wikidata.org/wiki/Q2706517
cnwd_q16914780,209,惡戰,Once Upon a Time in Shanghai,2014,中国香港,粤语,Q16914780,tt2290567,https://www.wikidata.org/wiki/Q16914780
cnwd_q15733016,210,归来,Coming Home,2014,中国大陆,官话|现代标准汉语,Q15733016,tt3125472,https://www.wikidata.org/wiki/Q15733016
cnwd_q1054393,211,大魔术师,The Great Magician,2011,中国大陆|中国香港,官话,Q1054393,tt1869721,https://www.wikidata.org/wiki/Q1054393
cnwd_q4183998,212,C+侦探,The Detective,2007,中国香港,粤语,Q4183998,tt1107807,https://www.wikidata.org/wiki/Q4183998
cnwd_q846563,213,大内密探零零发,Forbidden City Cop,1996,中国香港,粤语,Q846563,tt0116014,https://www.wikidata.org/wiki/Q846563
cnwd_q11125292,214,殭屍,Rigor Mortis,2013,中国香港,现代标准汉语|粤语,Q11125292,tt2771800,https://www.wikidata.org/wiki/Q11125292
cnwd_q14326808,215,狄仁杰之神都龙王,Young Detective Dee: Rise of the Sea Dragon,2013,中国大陆,中文|官话|现代标准汉语,Q14326808,tt2992146,https://www.wikidata.org/wiki/Q14326808
cnwd_q5185841,216,殘缺,Crippled Avengers,1978,中国香港,官话,Q5185841,tt0077292,https://www.wikidata.org/wiki/Q5185841
cnwd_q5960135,217,神枪手,The Sniper,2009,中国香港,粤语,Q5960135,tt1194624,https://www.wikidata.org/wiki/Q5960135
cnwd_q751064,218,英雄本色III夕陽之歌,A Better Tomorrow 3,1989,中国香港,粤语,Q751064,tt0098691,https://www.wikidata.org/wiki/Q751064
cnwd_q718130,219,剑雨,Reign of Assassins,2010,中国大陆|中国香港,官话,Q718130,tt1460743,https://www.wikidata.org/wiki/Q718130
cnwd_q699749,220,不能说的·秘密,Secret,2007,中国台湾,官话,Q699749,tt1037850,https://www.wikidata.org/wiki/Q699749
cnwd_q51750,221,畫皮,Painted Skin,2008,中国大陆,现代标准汉语,Q51750,tt1055300,https://www.wikidata.org/wiki/Q51750
cnwd_q2700358,222,江山美人,An Empress and the Warriors,2008,中国香港,官话,Q2700358,tt1186803,https://www.wikidata.org/wiki/Q2700358
cnwd_q7752052,223,西遊記之大鬧天宮,The Monkey King,2014,中国大陆|中国香港,粤语,Q7752052,tt1717715,https://www.wikidata.org/wiki/Q7752052
cnwd_q14948568,224,冰封俠: 重生之門,Iceman 3D,2014,中国大陆,粤语,Q14948568,tt2557256,https://www.wikidata.org/wiki/Q14948568
cnwd_q14948588,225,特殊身份,Special ID,2013,中国大陆,粤语,Q14948588,tt2118775,https://www.wikidata.org/wiki/Q14948588
cnwd_q1042247,226,风声,The Message,2009,中国大陆,官话,Q1042247,tt1434423,https://www.wikidata.org/wiki/Q1042247
cnwd_q12144835,227,郊遊,Stray Dogs,2013,中国台湾,官话,Q12144835,tt3119416,https://www.wikidata.org/wiki/Q12144835
cnwd_q15303493,228,狼图腾,Wolf Totem,2015,中国大陆,官话,Q15303493,tt2909116,https://www.wikidata.org/wiki/Q15303493
cnwd_q7729867,229,B+偵探,The Detective 2,2011,中国香港,粤语,Q7729867,tt1534786,https://www.wikidata.org/wiki/Q7729867
cnwd_q16071048,230,一个人的武林,Kung Fu Jungle,2014,中国大陆|中国香港,现代标准汉语|粤语,Q16071048,tt2952602,https://www.wikidata.org/wiki/Q16071048
cnwd_q13550796,231,警察故事2013,Police Story 2013,2013,中国大陆,官话,Q13550796,tt2599716,https://www.wikidata.org/wiki/Q13550796
cnwd_q3087314,232,鹿鼎记,Royal Tramp,1992,中国香港,粤语,Q3087314,tt0104770,https://www.wikidata.org/wiki/Q3087314
cnwd_q5455902,233,五遁忍術,Five Element Ninjas,1982,中国香港,粤语,Q5455902,tt0084921,https://www.wikidata.org/wiki/Q5455902
cnwd_q1321406,234,门徒,Protégé,2007,中国香港,粤语,Q1321406,tt0841150,https://www.wikidata.org/wiki/Q1321406
cnwd_q16500703,235,魔警,That Demon Within,2014,中国香港,中文|粤语,Q16500703,tt3511542,https://www.wikidata.org/wiki/Q16500703
cnwd_q1133710,236,青蛇,Green Snake,1993,中国香港,粤语,Q1133710,tt0106559,https://www.wikidata.org/wiki/Q1133710
cnwd_q15831713,237,刺客聂隐娘,The Assassin,2015,中国台湾|中国大陆|中国香港,现代标准汉语,Q15831713,tt3508840,https://www.wikidata.org/wiki/Q15831713
cnwd_q15977194,238,催眠大師,The Great Hypnotist,2014,中国大陆,官话,Q15977194,tt3720058,https://www.wikidata.org/wiki/Q15977194
cnwd_q19573090,239,山河故人,Mountains May Depart,2015,中国大陆,中文,Q19573090,tt3740778,https://www.wikidata.org/wiki/Q19573090
cnwd_q16923905,240,杀破狼2,SPL II,2015,中国香港,现代标准汉语|粤语,Q16923905,tt3197766,https://www.wikidata.org/wiki/Q16923905
cnwd_q15924967,241,绣春刀,Brotherhood of Blades,2014,中国大陆,现代标准汉语,Q15924967,tt4019426,https://www.wikidata.org/wiki/Q15924967
cnwd_q6533243,242,边境风云,Lethal Hostage,2012,中国大陆,中文,Q6533243,tt2385138,https://www.wikidata.org/wiki/Q6533243
cnwd_q1076380,243,证人,Beast Stalker,2008,中国香港,粤语,Q1076380,tt1330525,https://www.wikidata.org/wiki/Q1076380
cnwd_q16689949,244,倾城,Fallen City,2013,中国大陆,官话,Q16689949,tt2835556,https://www.wikidata.org/wiki/Q16689949
cnwd_q6672671,245,撲克王,Poker King,2009,中国香港,粤语,Q6672671,tt1471236,https://www.wikidata.org/wiki/Q6672671
cnwd_q20004281,246,金刚王：死亡救赎,The Wrath of Vajra,2013,中国大陆,现代标准汉语,Q20004281,tt3259968,https://www.wikidata.org/wiki/Q20004281
cnwd_q1314107,247,关云长,The Lost Bladesman,2011,中国香港,官话,Q1314107,tt1648093,https://www.wikidata.org/wiki/Q1314107
cnwd_q15651974,248,那夜凌晨，我坐上了旺角开往大埔的红VAN,The Midnight After,2014,中国大陆,粤语,Q15651974,tt3504824,https://www.wikidata.org/wiki/Q15651974
cnwd_q1003782,249,夺帅,Fatal Move,2008,中国香港,粤语,Q1003782,tt1156444,https://www.wikidata.org/wiki/Q1003782
cnwd_q3234902,250,千机变II之花都大战,The Twins Effect II,2004,中国大陆|中国香港,粤语,Q3234902,tt0398373,https://www.wikidata.org/wiki/Q3234902
cnwd_q2152960,251,枪王之王,Triple Tap,2010,中国香港,粤语,Q2152960,tt1535495,https://www.wikidata.org/wiki/Q2152960
cnwd_q13553850,252,掃毒,The White Storm,2013,中国大陆,粤语,Q13553850,tt2957774,https://www.wikidata.org/wiki/Q13553850
cnwd_q3038773,253,猛龙,Dragon Squad,2005,中国香港,粤语,Q3038773,tt0446313,https://www.wikidata.org/wiki/Q3038773
cnwd_q8563321,254,风暴,Firestorm,2013,中国香港,现代标准汉语|粤语,Q8563321,tt3341072,https://www.wikidata.org/wiki/Q8563321
cnwd_q2983721,255,精武家庭,House of Fury,2005,中国香港,粤语,Q2983721,tt0435026,https://www.wikidata.org/wiki/Q2983721
cnwd_q6517841,256,狼牙,Legendary Assassin,2008,中国香港,粤语,Q6517841,tt1236370,https://www.wikidata.org/wiki/Q6517841
cnwd_q902766,257,大追捕,Nightfall,2012,中国香港,粤语,Q902766,tt2171993,https://www.wikidata.org/wiki/Q902766
cnwd_q1055695,258,窃听风云,Overheard,2009,中国香港,粤语,Q1055695,tt1349853,https://www.wikidata.org/wiki/Q1055695
cnwd_q2089457,259,寒战,Cold War,2012,中国香港,中文,Q2089457,tt2186715,https://www.wikidata.org/wiki/Q2089457
cnwd_q1100217,260,夺命金,Life Without Principle,2011,中国香港,粤语,Q1100217,tt1371585,https://www.wikidata.org/wiki/Q1100217
cnwd_q94286,261,刀见笑,"The Butcher, the Chef and the Swordsman",2010,中国大陆,现代标准汉语,Q94286,tt1722513,https://www.wikidata.org/wiki/Q94286
cnwd_q4840176,262,滅門,Bad Blood,2010,中国香港,粤语,Q4840176,tt1465499,https://www.wikidata.org/wiki/Q4840176
cnwd_q3200434,263,功夫廚神,Kung Fu Chefs,2009,中国香港,粤语,Q3200434,tt1372692,https://www.wikidata.org/wiki/Q3200434
cnwd_q1083002,264,打擂台,Gallants,2010,中国香港,粤语,Q1083002,tt1611823,https://www.wikidata.org/wiki/Q1083002
cnwd_q3478838,265,韓城攻略,Seoul Raiders,2005,中国香港,粤语,Q3478838,tt0455116,https://www.wikidata.org/wiki/Q3478838
cnwd_q4503852,266,车手,Motorway,2012,中国香港,粤语,Q4503852,tt1740002,https://www.wikidata.org/wiki/Q4503852
cnwd_q1376152,267,三岔口,Divergence,2005,中国香港,粤语,Q1376152,tt0455195,https://www.wikidata.org/wiki/Q1376152
cnwd_q7113699,268,竊聽風雲2,Overheard 2,2011,中国香港,粤语,Q7113699,tt1852904,https://www.wikidata.org/wiki/Q7113699
cnwd_q4185458,269,疯狂的赛车,Crazy Racer,2009,中国大陆,官话,Q4185458,tt0851515,https://www.wikidata.org/wiki/Q4185458
cnwd_q17000968,270,撕票風雲,Black Ransom,2010,中国香港,粤语,Q17000968,tt1572168,https://www.wikidata.org/wiki/Q17000968
cnwd_q4167744,271,暗戰2,Running Out of Time 2,2001,中国香港,粤语,Q4167744,tt0295578,https://www.wikidata.org/wiki/Q4167744
cnwd_q1093640,272,枪王,Double Tap,2000,中国香港,粤语,Q1093640,tt0258489,https://www.wikidata.org/wiki/Q1093640
cnwd_q11699344,273,盲探,Blind Detective,2013,中国大陆|中国香港,粤语,Q11699344,tt2332707,https://www.wikidata.org/wiki/Q11699344
cnwd_q3071625,274,逃学威龙,Fight Back to School,1991,中国香港,粤语,Q3071625,tt0103045,https://www.wikidata.org/wiki/Q3071625
cnwd_q18650984,275,老炮儿,Mr. Six,2015,中国大陆,现代标准汉语,Q18650984,tt4701702,https://www.wikidata.org/wiki/Q18650984
cnwd_q19107599,276,解救吾先生,Saving Mr. Wu,2015,中国大陆,中文,Q19107599,tt4819560,https://www.wikidata.org/wiki/Q19107599
cnwd_q19356367,277,寻龙诀,Mojin: The Lost Legend,2015,中国大陆,中文,Q19356367,tt4276752,https://www.wikidata.org/wiki/Q19356367
cnwd_q19757672,278,葉問3：師徒情,Ip Man 3,2015,中国香港,粤语,Q19757672,tt2888046,https://www.wikidata.org/wiki/Q19757672
cnwd_q20687830,279,路边野餐,Kaili Blues,2015,中国大陆,现代标准汉语,Q20687830,tt4613272,https://www.wikidata.org/wiki/Q20687830
cnwd_q18109989,280,我的特工爷爷,The Bodyguard,2016,中国香港,粤语,Q18109989,tt4076934,https://www.wikidata.org/wiki/Q18109989
cnwd_q23648377,281,火锅英雄,Chongqing Hot Pot,2016,中国大陆,官话,Q23648377,tt5596352,https://www.wikidata.org/wiki/Q23648377
cnwd_q20062394,282,紅衣小女孩,The Tag-Along,2015,中国台湾,现代标准汉语,Q20062394,tt5078188,https://www.wikidata.org/wiki/Q20062394
cnwd_q24212918,283,三人行,Three,2016,中国大陆,粤语,Q24212918,tt4379728,https://www.wikidata.org/wiki/Q24212918
cnwd_q19854354,284,樹大招風,Trivisa,2016,中国香港,现代标准汉语|粤语,Q19854354,tt4379800,https://www.wikidata.org/wiki/Q19854354
cnwd_q10938623,285,大鱼海棠,Big Fish & Begonia,2016,中国大陆,中文,Q10938623,tt1920885,https://www.wikidata.org/wiki/Q10938623
cnwd_q19961444,286,功夫瑜伽,Kung Fu Yoga,2017,中国大陆,官话,Q19961444,tt4217392,https://www.wikidata.org/wiki/Q19961444
cnwd_q17023315,287,三少爺的劍,Sword Master,2015,中国大陆,官话,Q17023315,tt5269396,https://www.wikidata.org/wiki/Q17023315
cnwd_q988368,288,破坏之王,Love on Delivery,1994,中国香港,粤语,Q988368,tt0110852,https://www.wikidata.org/wiki/Q988368
cnwd_q3125235,289,叶问前传,The Legend Is Born – Ip Man,2010,中国香港,粤语,Q3125235,tt1641638,https://www.wikidata.org/wiki/Q3125235
cnwd_q629847,290,賭神,God of Gamblers,1989,中国香港,粤语,Q629847,tt0097244,https://www.wikidata.org/wiki/Q629847
cnwd_q20751338,291,搖滾藏獒,Rock Dog,2016,中国大陆,中文|官话,Q20751338,tt2822672,https://www.wikidata.org/wiki/Q20751338
cnwd_q27964540,292,戰狼2,Wolf Warrior 2,2017,中国大陆,中文,Q27964540,tt7131870,https://www.wikidata.org/wiki/Q27964540
cnwd_q27703164,293,机器之血,Bleeding Steel,2017,中国大陆,现代标准汉语,Q27703164,tt5813366,https://www.wikidata.org/wiki/Q27703164
cnwd_q30637119,294,鋼鐵墳墓2,Escape Plan 2: Hades,2018,中国大陆,中文,Q30637119,tt6513656,https://www.wikidata.org/wiki/Q30637119
cnwd_q27957869,295,深海巨鯊,The Meg,2018,中国大陆,官话,Q27957869,tt4779682,https://www.wikidata.org/wiki/Q27957869
cnwd_q23006268,296,毒液：致命守护者,Venom,2018,中国大陆,现代标准汉语,Q23006268,tt1270797,https://www.wikidata.org/wiki/Q23006268
cnwd_q51879925,297,地球最後的夜晚,Long Day's Journey into Night,2018,中国大陆,现代标准汉语,Q51879925,tt8185182,https://www.wikidata.org/wiki/Q51879925
cnwd_q48927761,298,影,Shadow,2018,中国大陆,中文,Q48927761,tt6864046,https://www.wikidata.org/wiki/Q48927761
cnwd_q51797794,299,江湖儿女,Ash Is Purest White,2018,中国大陆,现代标准汉语,Q51797794,tt7298400,https://www.wikidata.org/wiki/Q51797794
cnwd_q57966215,300,流浪地球,The Wandering Earth,2019,中国大陆,中文,Q57966215,tt7605074,https://www.wikidata.org/wiki/Q57966215
