movie_id,title_zh,aliases_zh,source_name,source_url
1,玩具总动员,反斗奇兵,课程项目人工校对,
2,007之黄金眼,,维基数据,http://www.wikidata.org/entity/Q19089
3,瘋狂終結者,,维基数据,http://www.wikidata.org/entity/Q1137372
4,矮子当道,,维基数据,http://www.wikidata.org/entity/Q261923
5,疊影謀殺案,,维基数据,http://www.wikidata.org/entity/Q498990
6,摇啊摇，摇到外婆桥,,维基数据,http://www.wikidata.org/entity/Q2276999
7,十二猴子,未来总动员,课程项目人工校对,
8,小猪宝贝,,维基数据,http://www.wikidata.org/entity/Q720724
9,死囚漫步,死囚168小时,课程项目人工校对,
10,李察三世,,维基数据,http://www.wikidata.org/entity/Q2501468
11,七宗罪,火线追缉令,课程项目人工校对,
12,非常嫌疑犯,刺激惊爆点,课程项目人工校对,
13,无敌爱美神,,维基数据,http://www.wikidata.org/entity/Q1354109
15,生命因你动听,霍兰先生的乐章,课程项目人工校对,
16,两性三人痕,,维基数据,http://www.wikidata.org/entity/Q1306348
17,杀出个黎明,,维基数据,http://www.wikidata.org/entity/Q196004
20,天使与昆虫,,维基数据,http://www.wikidata.org/entity/Q636222
21,布公仔之金銀島,,维基数据,http://www.wikidata.org/entity/Q1788520
22,勇敢的心,,课程项目人工校对,
23,出租车司机,,维基数据,http://www.wikidata.org/entity/Q47221
25,鸟笼,假凤虚凰,课程项目人工校对,
26,現世戀,,维基数据,http://www.wikidata.org/entity/Q1459049
27,绝地战警,,维基数据,http://www.wikidata.org/entity/Q460379
28,阿波罗13号,,课程项目人工校对,
29,永远的蝙蝠侠,,维基数据,http://www.wikidata.org/entity/Q221345
31,红潮风暴,,维基数据,http://www.wikidata.org/entity/Q1140085
32,克魯伯,,维基数据,http://www.wikidata.org/entity/Q2619747
33,杀人三步曲,,维基数据,http://www.wikidata.org/entity/Q465009
34,受詛的一代,,维基数据,http://www.wikidata.org/entity/Q2479210
35,威鲸闯天关2,,维基数据,http://www.wikidata.org/entity/Q584057
36,愛你情深,,维基数据,http://www.wikidata.org/entity/Q1883105
37,嗜血輪迴,,维基数据,http://www.wikidata.org/entity/Q2363623
38,網路上身,,维基数据,http://www.wikidata.org/entity/Q466884
39,末世纪暴潮,,维基数据,http://www.wikidata.org/entity/Q550529
40,豔倒群雌,,维基数据,http://www.wikidata.org/entity/Q1759260
41,阿呆闖學府,,维基数据,http://www.wikidata.org/entity/Q372299
42,無事生非,,维基数据,http://www.wikidata.org/entity/Q747877
43,桃色機密,,维基数据,http://www.wikidata.org/entity/Q1330619
46,色情酒店,,维基数据,http://www.wikidata.org/entity/Q1384202
47,艾德·伍德,,维基数据,http://www.wikidata.org/entity/Q639481
48,篮球梦,,维基数据,http://www.wikidata.org/entity/Q511914
49,愛神有約,,维基数据,http://www.wikidata.org/entity/Q499904
50,星球大战,星际大战,课程项目人工校对,
51,燃情岁月,,维基数据,http://www.wikidata.org/entity/Q913324
52,疯狂的乔治王,,维基数据,http://www.wikidata.org/entity/Q581501
53,天生杀人狂,,维基数据,http://www.wikidata.org/entity/Q748986
54,恐怖地带,,维基数据,http://www.wikidata.org/entity/Q495513
56,低俗小说,黑色追缉令,课程项目人工校对,
57,神父同志,,维基数据,http://www.wikidata.org/entity/Q781835
58,机智问答,,维基数据,http://www.wikidata.org/entity/Q651722
62,星际之门,,维基数据,http://www.wikidata.org/entity/Q105801
63,聖誕快樂又瘋狂,,维基数据,http://www.wikidata.org/entity/Q497850
64,肖申克的救赎,刺激1995|月黑高飞,课程项目人工校对,
65,不一样的天空,,维基数据,http://www.wikidata.org/entity/Q660894
66,二见钟情,,维基数据,http://www.wikidata.org/entity/Q492093
67,神探飞机头,,维基数据,http://www.wikidata.org/entity/Q340138
68,龍族戰神,,维基数据,http://www.wikidata.org/entity/Q250912
69,阿甘正传,福雷斯特·冈普,课程项目人工校对,
70,四个婚礼和一个葬礼,四个婚礼一个葬礼,课程项目人工校对,
71,狮子王,,维基数据,http://www.wikidata.org/entity/Q36479
72,变相怪杰,,维基数据,http://www.wikidata.org/entity/Q219421
73,超級王牌,,维基数据,http://www.wikidata.org/entity/Q675520
74,小野貓的公路歷險記,,维基数据,http://www.wikidata.org/entity/Q1215958
76,角頭風雲,,维基数据,http://www.wikidata.org/entity/Q939176
77,糖衣陷阱,,维基数据,http://www.wikidata.org/entity/Q821692
78,人鱼童话,,维基数据,http://www.wikidata.org/entity/Q473628
79,亡命天涯,,课程项目人工校对,
80,反斗神鹰2,,维基数据,http://www.wikidata.org/entity/Q843198
81,影子大亨,,维基数据,http://www.wikidata.org/entity/Q313998
82,侏罗纪公园,,课程项目人工校对,
83,抱得有情郎,,维基数据,http://www.wikidata.org/entity/Q550205
85,通天大盗,,维基数据,http://www.wikidata.org/entity/Q1360651
86,告別有情天,,维基数据,http://www.wikidata.org/entity/Q1625242
87,王者之旅,,维基数据,http://www.wikidata.org/entity/Q663528
88,西雅图夜未眠,,维基数据,http://www.wikidata.org/entity/Q107167
89,银翼杀手,,课程项目人工校对,
90,蜜月危險期,,维基数据,http://www.wikidata.org/entity/Q1753552
91,怪诞城之夜,,维基数据,http://www.wikidata.org/entity/Q322328
92,絕命大煞星,,维基数据,http://www.wikidata.org/entity/Q1127709
93,欢迎光临娃娃屋,,维基数据,http://www.wikidata.org/entity/Q2565420
94,小鬼当家,,维基数据,http://www.wikidata.org/entity/Q105031
96,终结者2：审判日,未来战士2,课程项目人工校对,
97,与狼共舞,,课程项目人工校对,
98,沉默的羔羊,,课程项目人工校对,
99,白雪公主,,维基数据,http://www.wikidata.org/entity/Q134430
100,冰血暴,,课程项目人工校对,
101,重金屬 (1981年電影),,维基数据,http://www.wikidata.org/entity/Q1471965
102,猫儿历险记,,维基数据,http://www.wikidata.org/entity/Q184701
103,天堂狗歷險記2,,维基数据,http://www.wikidata.org/entity/Q2413112
104,恐龙战警,,维基数据,http://www.wikidata.org/entity/Q508937
105,鬼頭天兵,,维基数据,http://www.wikidata.org/entity/Q1642448
106,驚世第六感,,维基数据,http://www.wikidata.org/entity/Q617117
107,凤舞红尘,,维基数据,http://www.wikidata.org/entity/Q1943569
108,致命糖衣,,维基数据,http://www.wikidata.org/entity/Q4955742
110,飞象计划,,维基数据,http://www.wikidata.org/entity/Q436988
111,猫狗也疯狂,猫狗之间,课程项目人工校对,
112,海豚的故事,,维基数据,http://www.wikidata.org/entity/Q1428947
113,愛在天地蒼茫時,,维基数据,http://www.wikidata.org/entity/Q1194500
116,寒冷舒适的农庄,,维基数据,http://www.wikidata.org/entity/Q3208799
117,勇闯夺命岛,石破天惊|绝地任务,课程项目人工校对,
118,龙卷风,,课程项目人工校对,
119,强烈而清晰的洞察力,,维基数据,http://www.wikidata.org/entity/Q2238172
120,脱衣舞娘 (电影),,维基数据,http://www.wikidata.org/entity/Q1141460
121,独立日,天煞：地球反击战,课程项目人工校对,
122,衰鬼線人,,维基数据,http://www.wikidata.org/entity/Q824133
123,恐怖幽灵,,维基数据,http://www.wikidata.org/entity/Q1332274
124,小镇疑云 (1996年电影),,维基数据,http://www.wikidata.org/entity/Q930332
125,不一樣的本能,,维基数据,http://www.wikidata.org/entity/Q464716
126,溫馨真情,,维基数据,http://www.wikidata.org/entity/Q1212954
127,教父,,课程项目人工校对,
129,惊世狂花,,维基数据,http://www.wikidata.org/entity/Q864930
130,肯薩斯的最後一夜,,维基数据,http://www.wikidata.org/entity/Q977996
131,第凡內早餐,,维基数据,http://www.wikidata.org/entity/Q193066
132,绿野仙踪,奥兹国历险记,课程项目人工校对,
133,乱世佳人,,维基数据,http://www.wikidata.org/entity/Q2875
134,公民凯恩,,维基数据,http://www.wikidata.org/entity/Q24815
135,2001太空漫游,2001：太空漫游,课程项目人工校对,
136,史密斯先生到华盛顿,,维基数据,http://www.wikidata.org/entity/Q866120
137,狂宴,,维基数据,http://www.wikidata.org/entity/Q859143
138,冰上特攻隊,,维基数据,http://www.wikidata.org/entity/Q610421
139,萬能金龜車,,维基数据,http://www.wikidata.org/entity/Q1305705
140,看狗在說話,,维基数据,http://www.wikidata.org/entity/Q230558
141,海底两万里,,维基数据,http://www.wikidata.org/entity/Q64110
142,飞天万能床,,维基数据,http://www.wikidata.org/entity/Q945138
143,音樂之聲,,维基数据,http://www.wikidata.org/entity/Q60072
144,虎胆龙威,终极警探,课程项目人工校对,
145,未來終結者,,维基数据,http://www.wikidata.org/entity/Q1196384
146,解放明星,,维基数据,http://www.wikidata.org/entity/Q1304785
147,特工狂花,,维基数据,http://www.wikidata.org/entity/Q1168399
148,黑夜幽灵,,维基数据,http://www.wikidata.org/entity/Q728488
149,絕戀,,维基数据,http://www.wikidata.org/entity/Q523767
150,摇摆者,,维基数据,http://www.wikidata.org/entity/Q2062140
151,欢乐糖果屋,威利·旺卡和巧克力工厂,课程项目人工校对,
152,傻瓜大闹科学城,,维基数据,http://www.wikidata.org/entity/Q750003
153,一条叫旺达的鱼,笨贼一箩筐,课程项目人工校对,
154,蒙提·派森之布莱恩的一生,,维基数据,http://www.wikidata.org/entity/Q24953
155,熱舞17,,维基数据,http://www.wikidata.org/entity/Q253978
156,落水狗,,维基数据,http://www.wikidata.org/entity/Q72962
157,野战排,,维基数据,http://www.wikidata.org/entity/Q190643
158,老闆渡假去,,维基数据,http://www.wikidata.org/entity/Q1545129
159,本能,,维基数据,http://www.wikidata.org/entity/Q146673
160,大亨游戏,,维基数据,http://www.wikidata.org/entity/Q844068
161,壮志凌云,,维基数据,http://www.wikidata.org/entity/Q110138
162,金色池塘,,维基数据,http://www.wikidata.org/entity/Q451603
164,深渊,,维基数据,http://www.wikidata.org/entity/Q336517
165,恋恋山城,,维基数据,http://www.wikidata.org/entity/Q1315577
166,瑪儂的復仇,,维基数据,http://www.wikidata.org/entity/Q603092
167,傻妹从军,,维基数据,http://www.wikidata.org/entity/Q83649
168,巨蟒与圣杯,,课程项目人工校对,
171,肉食店,,维基数据,http://www.wikidata.org/entity/Q827105
172,星球大战2：帝国反击战,帝国反击战,课程项目人工校对,
173,公主新娘,,课程项目人工校对,
174,夺宝奇兵,法柜奇兵,课程项目人工校对,
175,妙想天开,,维基数据,http://www.wikidata.org/entity/Q25057
176,异形2,,课程项目人工校对,
178,十二怒汉,,维基数据,http://www.wikidata.org/entity/Q2345
179,发条橙,,维基数据,http://www.wikidata.org/entity/Q181086
180,现代启示录,,维基数据,http://www.wikidata.org/entity/Q182692
181,星球大战3：绝地归来,绝地归来,课程项目人工校对,
182,盜亦有道,,维基数据,http://www.wikidata.org/entity/Q42047
183,异形,,课程项目人工校对,
184,魔誡英豪,,维基数据,http://www.wikidata.org/entity/Q471992
185,惊魂记,精神病患者,课程项目人工校对,
186,福禄双霸天,蓝调兄弟,课程项目人工校对,
187,教父2,,维基数据,http://www.wikidata.org/entity/Q184768
188,全金属外壳,,维基数据,http://www.wikidata.org/entity/Q243439
190,亨利五世,,维基数据,http://www.wikidata.org/entity/Q114115
191,莫扎特传,阿玛迪斯,课程项目人工校对,
192,愤怒的公牛,,维基数据,http://www.wikidata.org/entity/Q220780
193,太空先鋒,,维基数据,http://www.wikidata.org/entity/Q1197185
194,骗中骗,老千计状元才,课程项目人工校对,
195,终结者,未来战士,课程项目人工校对,
196,死亡诗社,春风化雨,课程项目人工校对,
197,毕业生,,课程项目人工校对,
199,桂河大桥,,维基数据,http://www.wikidata.org/entity/Q188718
200,闪灵,,维基数据,http://www.wikidata.org/entity/Q186341
202,土拨鼠之日,偷天情缘,课程项目人工校对,
203,不可饶恕,,维基数据,http://www.wikidata.org/entity/Q104137
204,回到未来,,课程项目人工校对,
205,巴顿将军,,维基数据,http://www.wikidata.org/entity/Q217220
206,亞基拉,,维基数据,http://www.wikidata.org/entity/Q1905968
207,大鼻子情圣,,维基数据,http://www.wikidata.org/entity/Q128982
208,新科學怪人,,维基数据,http://www.wikidata.org/entity/Q651923
209,摇滚万万岁,,维基数据,http://www.wikidata.org/entity/Q7810384
210,夺宝奇兵3：圣战奇兵,印第安纳·琼斯和最后的十字军,课程项目人工校对,
212,情陷布拉格,,维基数据,http://www.wikidata.org/entity/Q1122571
213,看得见风景的房间,,维基数据,http://www.wikidata.org/entity/Q203574
214,迷牆,,维基数据,http://www.wikidata.org/entity/Q213683
215,与梦共舞,,维基数据,http://www.wikidata.org/entity/Q517958
216,当哈利遇到莎莉,90男欢女爱,课程项目人工校对,
218,海角驚魂,,维基数据,http://www.wikidata.org/entity/Q501995
219,猛鬼街,,维基数据,http://www.wikidata.org/entity/Q329434
220,越愛越美麗,,维基数据,http://www.wikidata.org/entity/Q1538804
221,破浪而出,,维基数据,http://www.wikidata.org/entity/Q538412
222,星际迷航8：第一类接触,星空第一击,课程项目人工校对,
223,彈簧刀,,维基数据,http://www.wikidata.org/entity/Q2264347
224,荒誕無稽,,维基数据,http://www.wikidata.org/entity/Q661142
225,101真狗,,维基数据,http://www.wikidata.org/entity/Q8594
226,虎胆龙威2,,维基数据,http://www.wikidata.org/entity/Q105993
227,星际旅行VI：未来之城,,维基数据,http://www.wikidata.org/entity/Q579757
228,星际迷航2：可汗怒吼,星战大怒吼,课程项目人工校对,
229,星际旅行III：石破天惊,,维基数据,http://www.wikidata.org/entity/Q221305
230,星际旅行IV：抢救未来,,维基数据,http://www.wikidata.org/entity/Q471842
231,蝙蝠侠归来,,维基数据,http://www.wikidata.org/entity/Q189054
232,龍威虎將,,维基数据,http://www.wikidata.org/entity/Q1353728
233,魔鬼戰將,,维基数据,http://www.wikidata.org/entity/Q385798
234,大白鲨,,课程项目人工校对,
235,火星人玩转地球,,维基数据,http://www.wikidata.org/entity/Q271690
236,公民露丝,,维基数据,http://www.wikidata.org/entity/Q797834
237,甜心先生,征服情海,课程项目人工校对,
238,抚养亚利桑那,宝贝梦惊魂,课程项目人工校对,
239,神鬼尖兵,,维基数据,http://www.wikidata.org/entity/Q497082
240,水上漂,,维基数据,http://www.wikidata.org/entity/Q616842
241,大地英豪,,维基数据,http://www.wikidata.org/entity/Q144483
244,雪地迷蹤,,维基数据,http://www.wikidata.org/entity/Q643847
245,与魔鬼同行,魔鬼同行,课程项目人工校对,
246,猜·情·尋,,维基数据,http://www.wikidata.org/entity/Q40115
248,另類殺手,,维基数据,http://www.wikidata.org/entity/Q288355
249,王牌大贱谍,,维基数据,http://www.wikidata.org/entity/Q501703
250,第五元素,,维基数据,http://www.wikidata.org/entity/Q106506
252,侏罗纪公园：失落的世界,,维基数据,http://www.wikidata.org/entity/Q200873
254,蝙蝠侠与罗宾,,维基数据,http://www.wikidata.org/entity/Q276523
255,我最好朋友的婚礼,,维基数据,http://www.wikidata.org/entity/Q918380
257,黑衣人,MIB星际战警,课程项目人工校对,
258,接触未来,超时空接触,课程项目人工校对,
259,森林泰山,,维基数据,http://www.wikidata.org/entity/Q225260
260,黑洞表面,,维基数据,http://www.wikidata.org/entity/Q849162
261,飞狗巴迪,,维基数据,http://www.wikidata.org/entity/Q406916
262,男人最贱,,维基数据,http://www.wikidata.org/entity/Q2307324
263,鋼鐵悍將,,维基数据,http://www.wikidata.org/entity/Q1790253
264,秘密客,,维基数据,http://www.wikidata.org/entity/Q1423555
265,猎杀红色十月,,维基数据,http://www.wikidata.org/entity/Q507994
266,魔鬼征服者,,维基数据,http://www.wikidata.org/entity/Q1780108
268,猜·情·寻,寻找艾米,课程项目人工校对,
269,光猪六壮士,一脱到底,课程项目人工校对,
270,千钧一发,,维基数据,http://www.wikidata.org/entity/Q491800
271,星河战队,,维基数据,http://www.wikidata.org/entity/Q478626
272,心灵捕手,,维基数据,http://www.wikidata.org/entity/Q193835
273,盜火線,,维基数据,http://www.wikidata.org/entity/Q42198
274,新龙凤配,,维基数据,http://www.wikidata.org/entity/Q900708
275,理智与情感,理性与感性,课程项目人工校对,
276,远离赌城,两颗绝望的心,课程项目人工校对,
277,亂世情緣,,维基数据,http://www.wikidata.org/entity/Q2093029
278,玫瑰花床,,维基数据,http://www.wikidata.org/entity/Q502882
280,捨不得你,,维基数据,http://www.wikidata.org/entity/Q777776
281,狂野之河,,维基数据,http://www.wikidata.org/entity/Q451630
282,杀戮时刻,,维基数据,http://www.wikidata.org/entity/Q498867
283,芳心愛漫遊,,维基数据,http://www.wikidata.org/entity/Q1338008
284,球爱的天空,,维基数据,http://www.wikidata.org/entity/Q1092399
285,秘密與謊言,,维基数据,http://www.wikidata.org/entity/Q391172
286,英国病人,英伦情人,课程项目人工校对,
287,马文的房间,,维基数据,http://www.wikidata.org/entity/Q559907
288,惊声尖叫,夺命狂呼,课程项目人工校对,
289,贝隆夫人,艾薇塔,课程项目人工校对,
290,偷雞摸狗,,维基数据,http://www.wikidata.org/entity/Q496019
291,一觸即發,,维基数据,http://www.wikidata.org/entity/Q332497
292,紫檀镇,,维基数据,http://www.wikidata.org/entity/Q3442609
293,忠奸人,,维基数据,http://www.wikidata.org/entity/Q738456
294,大话王,王牌大骗子,课程项目人工校对,
295,悍將奇兵,,维基数据,http://www.wikidata.org/entity/Q465789
297,養蜂人家》 Ulee's Gold,,维基数据,http://www.wikidata.org/entity/Q2060364
298,变脸,,维基数据,http://www.wikidata.org/entity/Q223887
299,血染哈林,,维基数据,http://www.wikidata.org/entity/Q959531
300,空军一号,,课程项目人工校对,
301,忽然啰啰挛,,维基数据,http://www.wikidata.org/entity/Q1475611
302,洛城机密,幕后嫌疑犯,课程项目人工校对,
303,養蜂人家》 Ulee's Gold,,维基数据,http://www.wikidata.org/entity/Q2060364
304,返家十万里,,维基数据,http://www.wikidata.org/entity/Q49018
305,冰风暴,,维基数据,http://www.wikidata.org/entity/Q1193138
308,精靈傳奇,,维基数据,http://www.wikidata.org/entity/Q1953910
309,說謊遊戲,,维基数据,http://www.wikidata.org/entity/Q1524544
310,造雨人,,维基数据,http://www.wikidata.org/entity/Q785351
311,鸽之翼,,维基数据,http://www.wikidata.org/entity/Q559893
312,午夜善恶花园,,维基数据,http://www.wikidata.org/entity/Q1470767
313,泰坦尼克号,铁达尼号,课程项目人工校对,
315,纳粹追凶,,维基数据,http://www.wikidata.org/entity/Q570004
316,尽善尽美,,维基数据,http://www.wikidata.org/entity/Q221594
317,以父之名,,维基数据,http://www.wikidata.org/entity/Q304074
318,辛德勒的名单,舒特拉的名单,课程项目人工校对,
319,大家来唱我爱你,,维基数据,http://www.wikidata.org/entity/Q1334572
320,失樂園：羅賓漢丘孩童兇殺案,,维基数据,http://www.wikidata.org/entity/Q941187
321,母親,,维基数据,http://www.wikidata.org/entity/Q3325145
322,1600谋杀案,,维基数据,http://www.wikidata.org/entity/Q1971748
323,天崩地裂,烈焰狂峰,课程项目人工校对,
324,妖夜慌踪,,维基数据,http://www.wikidata.org/entity/Q289204
325,欲望号快车,,维基数据,http://www.wikidata.org/entity/Q839133
326,魔鬼女大兵,,维基数据,http://www.wikidata.org/entity/Q526690
327,警察帝国,,维基数据,http://www.wikidata.org/entity/Q558102
328,阴谋理论,绝命大反击,课程项目人工校对,
329,亡命之计,,维基数据,http://www.wikidata.org/entity/Q1200869
331,殺與捕,,维基数据,http://www.wikidata.org/entity/Q759333
332,红唇劫,,维基数据,http://www.wikidata.org/entity/Q60016
333,心理游戏,致命游戏,课程项目人工校对,
334,不准掉頭,,维基数据,http://www.wikidata.org/entity/Q844303
336,洛城疑雲,,维基数据,http://www.wikidata.org/entity/Q742080
337,Yes之屋,,维基数据,http://www.wikidata.org/entity/Q1533822
338,憨豆先生,,维基数据,http://www.wikidata.org/entity/Q752103
339,危機最前線,,维基数据,http://www.wikidata.org/entity/Q1208879
340,不羁夜,,维基数据,http://www.wikidata.org/entity/Q291170
341,醫院人生,,维基数据,http://www.wikidata.org/entity/Q2345399
342,糊塗福星闖倫敦,,维基数据,http://www.wikidata.org/entity/Q392697
343,异形4：浴火重生,,维基数据,http://www.wikidata.org/entity/Q458314
344,来自天上的声音,,维基数据,http://www.wikidata.org/entity/Q619820
345,解构爱情狂,,维基数据,http://www.wikidata.org/entity/Q551762
346,危险关系,,维基数据,http://www.wikidata.org/entity/Q431252
347,作大英雄,,维基数据,http://www.wikidata.org/entity/Q623443
348,亡命之计,,维基数据,http://www.wikidata.org/entity/Q1200869
349,驚濤毀滅者－大洪水,,维基数据,http://www.wikidata.org/entity/Q1585018
350,暫時停止接觸,,维基数据,http://www.wikidata.org/entity/Q162225
351,魔翼杀手2,,维基数据,http://www.wikidata.org/entity/Q1533996
352,天旋地轉,,维基数据,http://www.wikidata.org/entity/Q1137856
353,深海攔截大海怪,,维基数据,http://www.wikidata.org/entity/Q1146977
354,婚礼歌手,,维基数据,http://www.wikidata.org/entity/Q1133316
355,地動天驚,,维基数据,http://www.wikidata.org/entity/Q744500
356,終極證人,,维基数据,http://www.wikidata.org/entity/Q255376
357,飞越疯人院,飞越杜鹃窝,课程项目人工校对,
358,閃靈悍將,,维基数据,http://www.wikidata.org/entity/Q1474393
359,豺狼陷阱,,维基数据,http://www.wikidata.org/entity/Q1560704
361,绝命大逃亡,,维基数据,http://www.wikidata.org/entity/Q6014960
362,福祿雙霸天 2000,,维基数据,http://www.wikidata.org/entity/Q832515
363,絕命殺陣,,维基数据,http://www.wikidata.org/entity/Q241309
364,神探飛機頭2,,维基数据,http://www.wikidata.org/entity/Q340127
365,超能怪傑,,维基数据,http://www.wikidata.org/entity/Q1543837
366,危险游戏,,维基数据,http://www.wikidata.org/entity/Q579359
367,獨領風騷,,维基数据,http://www.wikidata.org/entity/Q931165
369,黯陰羊,,维基数据,http://www.wikidata.org/entity/Q880549
370,致命化身,,维基数据,http://www.wikidata.org/entity/Q953911
371,廊桥遗梦,,维基数据,http://www.wikidata.org/entity/Q399823
372,杰弗瑞,,维基数据,http://www.wikidata.org/entity/Q739754
373,特警判官,,维基数据,http://www.wikidata.org/entity/Q645597
374,金剛戰士 電影版,,维基数据,http://www.wikidata.org/entity/Q1473596
375,艳舞女郎,,维基数据,http://www.wikidata.org/entity/Q532264
378,夢幻街奇緣,,维基数据,http://www.wikidata.org/entity/Q258204
379,幽冥怪談之魔鬼骑士,,维基数据,http://www.wikidata.org/entity/Q1591769
380,星际旅行VII：日换星移,,维基数据,http://www.wikidata.org/entity/Q723679
381,穆丽尔的婚礼,,维基数据,http://www.wikidata.org/entity/Q1348275
382,沙漠妖姬,,维基数据,http://www.wikidata.org/entity/Q255328
383,摩登原始人,,维基数据,http://www.wikidata.org/entity/Q602094
384,白头神探3,,维基数据,http://www.wikidata.org/entity/Q385309
385,真实的谎言,,维基数据,http://www.wikidata.org/entity/Q110397
386,阿達一族2,,维基数据,http://www.wikidata.org/entity/Q204725
387,纯情年代,,维基数据,http://www.wikidata.org/entity/Q1125442
388,霹靂炮,,维基数据,http://www.wikidata.org/entity/Q654736
389,神駒黑美人,,维基数据,http://www.wikidata.org/entity/Q537256
391,幻影英雄,,维基数据,http://www.wikidata.org/entity/Q858840
392,無臉的男人,,维基数据,http://www.wikidata.org/entity/Q944158
393,窈窕奶爸,,维基数据,http://www.wikidata.org/entity/Q483852
394,幕后杀手,,维基数据,http://www.wikidata.org/entity/Q1741078
395,罗宾汉也疯狂,,维基数据,http://www.wikidata.org/entity/Q1334948
396,疯狂杀手俏妈咪,,维基数据,http://www.wikidata.org/entity/Q610670
397,终极警探总动员,,维基数据,http://www.wikidata.org/entity/Q617249
398,超級瑪利歐兄弟,,维基数据,http://www.wikidata.org/entity/Q535550
399,豪情三劍客,,维基数据,http://www.wikidata.org/entity/Q508931
400,一窩小屁蛋,,维基数据,http://www.wikidata.org/entity/Q644634
401,脫線家族,,维基数据,http://www.wikidata.org/entity/Q1211705
402,人鬼情未了,,维基数据,http://www.wikidata.org/entity/Q49003
403,蝙蝠侠,,维基数据,http://www.wikidata.org/entity/Q116852
404,木偶奇遇记,,维基数据,http://www.wikidata.org/entity/Q4341553
405,碟中谍,不可能的任务,课程项目人工校对,
406,瘦到死,,维基数据,http://www.wikidata.org/entity/Q1637939
407,终极笑探,,维基数据,http://www.wikidata.org/entity/Q392662
409,家有傑克,,维基数据,http://www.wikidata.org/entity/Q1471358
410,王牌保齡球,,维基数据,http://www.wikidata.org/entity/Q625424
411,隨身變,,维基数据,http://www.wikidata.org/entity/Q936576
412,反斗怪家庭续集,,维基数据,http://www.wikidata.org/entity/Q1211697
413,青樓禁地,,维基数据,http://www.wikidata.org/entity/Q893399
414,黄金岁月,,维基数据,http://www.wikidata.org/entity/Q1304397
416,老黃狗,,维基数据,http://www.wikidata.org/entity/Q1851869
417,爸爸爱妈妈,,维基数据,http://www.wikidata.org/entity/Q1217234
418,仙履奇缘,,维基数据,http://www.wikidata.org/entity/Q191753
419,欢乐满人间,,维基数据,http://www.wikidata.org/entity/Q209170
420,爱丽丝梦游仙境,,维基数据,http://www.wikidata.org/entity/Q189875
423,E.T.外星人,外星人E.T.,课程项目人工校对,
425,天生赢家,,维基数据,http://www.wikidata.org/entity/Q888219
427,怪屋疑雲,,维基数据,http://www.wikidata.org/entity/Q177922
428,哈洛與茂德,,维基数据,http://www.wikidata.org/entity/Q368577
429,地球停转之日,,维基数据,http://www.wikidata.org/entity/Q425992
430,鴨羹,,维基数据,http://www.wikidata.org/entity/Q1125566
431,挑战者,,维基数据,http://www.wikidata.org/entity/Q156539
432,幻想曲,,维基数据,http://www.wikidata.org/entity/Q943192
433,希德姐妹帮,,维基数据,http://www.wikidata.org/entity/Q1551916
434,禁忌星球,,维基数据,http://www.wikidata.org/entity/Q1331230
435,神枪手与智多星,,维基数据,http://www.wikidata.org/entity/Q232000
436,美国狼人在伦敦,,维基数据,http://www.wikidata.org/entity/Q467290
438,鬼屋3,,维基数据,http://www.wikidata.org/entity/Q472528
439,鬼哭神嚎7,,维基数据,http://www.wikidata.org/entity/Q2520371
440,鬼殺人,,维基数据,http://www.wikidata.org/entity/Q2557457
441,鬼哭神嚎,,维基数据,http://www.wikidata.org/entity/Q472512
442,鬼屋魔咒,,维基数据,http://www.wikidata.org/entity/Q377039
443,鸟,,维基数据,http://www.wikidata.org/entity/Q110043
444,幽浮魔點,,维基数据,http://www.wikidata.org/entity/Q224964
445,盜屍者,,维基数据,http://www.wikidata.org/entity/Q2520443
446,猛鬼屋,,维基数据,http://www.wikidata.org/entity/Q1191134
447,凶靈,,维基数据,http://www.wikidata.org/entity/Q162672
448,凶兆,,维基数据,http://www.wikidata.org/entity/Q836298
449,星际旅行：无限太空,,维基数据,http://www.wikidata.org/entity/Q107940
450,星际旅行V：终极先锋,,维基数据,http://www.wikidata.org/entity/Q241218
451,油脂,,维基数据,http://www.wikidata.org/entity/Q267721
452,大白鲨2,,维基数据,http://www.wikidata.org/entity/Q1199834
453,大白鲨第三集,,维基数据,http://www.wikidata.org/entity/Q1199837
454,來自卡羅萊納的私生女,,维基数据,http://www.wikidata.org/entity/Q1484003
456,比佛利山威龍,,维基数据,http://www.wikidata.org/entity/Q851810
457,威鲸闯天关3,,维基数据,http://www.wikidata.org/entity/Q1032889
458,尼克松,,维基数据,http://www.wikidata.org/entity/Q839042
459,哭泣的大地,,维基数据,http://www.wikidata.org/entity/Q3392374
460,72小时生死线,,维基数据,http://www.wikidata.org/entity/Q1141286
461,煙,,维基数据,http://www.wikidata.org/entity/Q653447
462,巧克力情人,,维基数据,http://www.wikidata.org/entity/Q5196238
463,人鱼传说,,维基数据,http://www.wikidata.org/entity/Q2255971
464,42街的凡尼亞,,维基数据,http://www.wikidata.org/entity/Q736349
465,大冒險家：森林王子,,维基数据,http://www.wikidata.org/entity/Q1097616
466,冒牌密殺令,,维基数据,http://www.wikidata.org/entity/Q1518218
467,布朗克斯的故事,,维基数据,http://www.wikidata.org/entity/Q1130705
468,追梦赤子心,,维基数据,http://www.wikidata.org/entity/Q3107519
469,銀色·性·男女,,维基数据,http://www.wikidata.org/entity/Q605226
470,墓碑镇,,维基数据,http://www.wikidata.org/entity/Q1420651
471,火線勇氣,,维基数据,http://www.wikidata.org/entity/Q1339523
472,魔幻屠龙,,维基数据,http://www.wikidata.org/entity/Q330612
473,飞天巨桃历险记,,维基数据,http://www.wikidata.org/entity/Q1131380
475,猜火车,迷幻列车,课程项目人工校对,
476,大老婆俱乐部,,维基数据,http://www.wikidata.org/entity/Q913620
477,小魔女,,维基数据,http://www.wikidata.org/entity/Q280400
478,费城故事,,维基数据,http://www.wikidata.org/entity/Q498822
479,迷魂记,,维基数据,http://www.wikidata.org/entity/Q202548
480,西北偏北,,维基数据,http://www.wikidata.org/entity/Q223139
481,桃色公寓,,维基数据,http://www.wikidata.org/entity/Q270510
482,热情如火,,维基数据,http://www.wikidata.org/entity/Q190086
483,卡萨布兰卡,北非谍影,课程项目人工校对,
484,马耳他之鹰,,维基数据,http://www.wikidata.org/entity/Q221462
485,窈窕淑女,,维基数据,http://www.wikidata.org/entity/Q201215
486,龙凤配,,维基数据,http://www.wikidata.org/entity/Q152493
487,罗马假日,,维基数据,http://www.wikidata.org/entity/Q201293
489,美人計,,维基数据,http://www.wikidata.org/entity/Q587419
490,捉贼记,,维基数据,http://www.wikidata.org/entity/Q331017
491,侠盗罗宾汉,,维基数据,http://www.wikidata.org/entity/Q201234
492,伊甸之东,,维基数据,http://www.wikidata.org/entity/Q1129778
493,瘦人,,维基数据,http://www.wikidata.org/entity/Q1198497
494,女友禮拜五,,维基数据,http://www.wikidata.org/entity/Q1066714
495,环游世界八十天,,维基数据,http://www.wikidata.org/entity/Q696057
496,风云人物,,维基数据,http://www.wikidata.org/entity/Q204191
497,育婴奇谭,,维基数据,http://www.wikidata.org/entity/Q179743
498,非洲女王号,,维基数据,http://www.wikidata.org/entity/Q384397
499,热铁皮屋顶上的猫,,维基数据,http://www.wikidata.org/entity/Q713979
500,返家十万里,,维基数据,http://www.wikidata.org/entity/Q49018
501,小飞象,,维基数据,http://www.wikidata.org/entity/Q40895
502,傻瓜大闹香蕉城,,维基数据,http://www.wikidata.org/entity/Q806092
503,候选人,,维基数据,http://www.wikidata.org/entity/Q500672
504,我倆沒有明天,,维基数据,http://www.wikidata.org/entity/Q181776
505,電話情殺案,,维基数据,http://www.wikidata.org/entity/Q496255
506,阿飛正傳,,维基数据,http://www.wikidata.org/entity/Q426346
507,欲望号街车,,维基数据,http://www.wikidata.org/entity/Q212129
508,性书大亨,,维基数据,http://www.wikidata.org/entity/Q750077
509,無悔今生,,维基数据,http://www.wikidata.org/entity/Q746574
511,阿拉伯的劳伦斯,,维基数据,http://www.wikidata.org/entity/Q228186
513,黑狱亡魂,,维基数据,http://www.wikidata.org/entity/Q271830
514,安妮·霍尔,,维基数据,http://www.wikidata.org/entity/Q233464
516,地方英雄,,维基数据,http://www.wikidata.org/entity/Q639969
517,曼哈顿（1979年电影）,,维基数据,http://www.wikidata.org/entity/Q731310
518,風雲再起時,,维基数据,http://www.wikidata.org/entity/Q130142
519,碧血金沙,,维基数据,http://www.wikidata.org/entity/Q251559
520,龍虎榜,,维基数据,http://www.wikidata.org/entity/Q110354
521,猎鹿人,,维基数据,http://www.wikidata.org/entity/Q201674
522,不法之徒,,维基数据,http://www.wikidata.org/entity/Q192409
523,铁窗喋血,,维基数据,http://www.wikidata.org/entity/Q684150
524,大独裁者,,维基数据,http://www.wikidata.org/entity/Q109116
525,夜长梦多,,维基数据,http://www.wikidata.org/entity/Q1137931
526,宾虚,,维基数据,http://www.wikidata.org/entity/Q180098
527,甘地传,,维基数据,http://www.wikidata.org/entity/Q202211
528,战火屠城,,维基数据,http://www.wikidata.org/entity/Q494582
529,狗臉的歲月,,维基数据,http://www.wikidata.org/entity/Q1342900
530,霸王铁金刚,,维基数据,http://www.wikidata.org/entity/Q1042931
531,闪亮的风采,,维基数据,http://www.wikidata.org/entity/Q826494
532,慾望與智慧,,维基数据,http://www.wikidata.org/entity/Q1624299
533,短途旅行者,,维基数据,http://www.wikidata.org/entity/Q1778532
535,为你疯狂,,维基数据,http://www.wikidata.org/entity/Q932458
536,悲憐上帝的小女兒,,维基数据,http://www.wikidata.org/entity/Q1571941
537,我私人的爱达荷,,维基数据,http://www.wikidata.org/entity/Q1125451
538,真假公主－安娜塔西亞,,维基数据,http://www.wikidata.org/entity/Q486609
539,捕鼠記,,维基数据,http://www.wikidata.org/entity/Q685163
540,銀線風暴,,维基数据,http://www.wikidata.org/entity/Q1163081
541,魔宮帝國,,维基数据,http://www.wikidata.org/entity/Q819196
542,风中奇缘,,维基数据,http://www.wikidata.org/entity/Q218894
543,悲惨世界,,维基数据,http://www.wikidata.org/entity/Q1780602
544,角頭情聖,,维基数据,http://www.wikidata.org/entity/Q1169589
545,布鲁克林吸血鬼,,维基数据,http://www.wikidata.org/entity/Q1353837
546,断箭,,课程项目人工校对,
548,大魔域３：飛進未來,,维基数据,http://www.wikidata.org/entity/Q699299
549,赤膽豪情,,维基数据,http://www.wikidata.org/entity/Q1141727
550,虎胆龙威3,,维基数据,http://www.wikidata.org/entity/Q106871
551,夢幻殺人檔案,,维基数据,http://www.wikidata.org/entity/Q1869916
552,异种,,维基数据,http://www.wikidata.org/entity/Q337747
553,漫步在云端,,维基数据,http://www.wikidata.org/entity/Q944614
554,未来水世界,,维基数据,http://www.wikidata.org/entity/Q272595
555,老大當差,,维基数据,http://www.wikidata.org/entity/Q289469
556,荒漠之虎,,维基数据,http://www.wikidata.org/entity/Q1471493
557,法里内利,,维基数据,http://www.wikidata.org/entity/Q1341293
558,夢幻天堂,,维基数据,http://www.wikidata.org/entity/Q322206
560,神氣威龍,,维基数据,http://www.wikidata.org/entity/Q947262
562,柔情盖天,,维基数据,http://www.wikidata.org/entity/Q756416
564,幽冥時代,,维基数据,http://www.wikidata.org/entity/Q3980396
565,準午前十時,,维基数据,http://www.wikidata.org/entity/Q1167579
566,燃眉追击,,维基数据,http://www.wikidata.org/entity/Q1392442
568,生死时速,,维基数据,http://www.wikidata.org/entity/Q108006
569,狼人生死戀,,维基数据,http://www.wikidata.org/entity/Q930540
570,執法悍將,,维基数据,http://www.wikidata.org/entity/Q1355172
571,瘋狂盯梢令,,维基数据,http://www.wikidata.org/entity/Q1210907
572,炸彈追殺令,,维基数据,http://www.wikidata.org/entity/Q614858
573,異形基地,,维基数据,http://www.wikidata.org/entity/Q257514
574,盒裝美人,,维基数据,http://www.wikidata.org/entity/Q895690
576,绝岭雄风,,维基数据,http://www.wikidata.org/entity/Q824389
577,尖头外星族,,维基数据,http://www.wikidata.org/entity/Q1211928
578,越空狂龍,,维基数据,http://www.wikidata.org/entity/Q470891
579,奸情一箩筐,,维基数据,http://www.wikidata.org/entity/Q1139237
580,山丘上的情人,,维基数据,http://www.wikidata.org/entity/Q784934
581,加州殺手,,维基数据,http://www.wikidata.org/entity/Q179798
582,鋼琴別戀,,维基数据,http://www.wikidata.org/entity/Q117315
583,流血的羅密歐,,维基数据,http://www.wikidata.org/entity/Q624857
584,秘密花園,,维基数据,http://www.wikidata.org/entity/Q525421
585,寶貝新官人,,维基数据,http://www.wikidata.org/entity/Q1137790
586,摩天悍將,,维基数据,http://www.wikidata.org/entity/Q25760
587,審死豬,,维基数据,http://www.wikidata.org/entity/Q7740486
588,美女与野兽,,维基数据,http://www.wikidata.org/entity/Q179673
589,日落黃沙,,维基数据,http://www.wikidata.org/entity/Q994481
590,猛鬼追魂4,,维基数据,http://www.wikidata.org/entity/Q1031262
591,一级恐惧,,维基数据,http://www.wikidata.org/entity/Q822057
593,決戰史達林格勒,,维基数据,http://www.wikidata.org/entity/Q316225
594,愛你的心,,维基数据,http://www.wikidata.org/entity/Q2442226
595,狂迷,,维基数据,http://www.wikidata.org/entity/Q390299
596,钟楼怪人,,维基数据,http://www.wikidata.org/entity/Q213787
597,毁灭者,,维基数据,http://www.wikidata.org/entity/Q370326
601,战地钟声,,维基数据,http://www.wikidata.org/entity/Q515572
602,花都舞影,,维基数据,http://www.wikidata.org/entity/Q747570
603,后窗,,维基数据,http://www.wikidata.org/entity/Q34414
604,一夜风流,,维基数据,http://www.wikidata.org/entity/Q208632
605,火树银花,,维基数据,http://www.wikidata.org/entity/Q1066873
606,四面夏娃,,维基数据,http://www.wikidata.org/entity/Q200299
607,蝴蝶梦,,维基数据,http://www.wikidata.org/entity/Q204212
608,爱德华大夫,,维基数据,http://www.wikidata.org/entity/Q497311
609,岳父大人,,维基数据,http://www.wikidata.org/entity/Q1144850
610,金粉世界,,维基数据,http://www.wikidata.org/entity/Q577757
611,罗娜秘记,,维基数据,http://www.wikidata.org/entity/Q976149
612,消失的地平线,,维基数据,http://www.wikidata.org/entity/Q1619885
613,寶窗選婿,,维基数据,http://www.wikidata.org/entity/Q1811134
614,巨人,,维基数据,http://www.wikidata.org/entity/Q669592
615,三十九级台阶,,维基数据,http://www.wikidata.org/entity/Q501105
616,活死人之夜,,维基数据,http://www.wikidata.org/entity/Q623051
617,蓝色天使,,维基数据,http://www.wikidata.org/entity/Q158047
618,野宴,,维基数据,http://www.wikidata.org/entity/Q1300420
619,非常手段,,维基数据,http://www.wikidata.org/entity/Q1385542
620,毒气室,,维基数据,http://www.wikidata.org/entity/Q1213747
621,大卫克罗传,,维基数据,http://www.wikidata.org/entity/Q1093219
622,海角一樂園,,维基数据,http://www.wikidata.org/entity/Q1367163
623,棒球天使,,维基数据,http://www.wikidata.org/entity/Q659037
624,西班牙三绅士,,维基数据,http://www.wikidata.org/entity/Q736731
625,石中劍,,维基数据,http://www.wikidata.org/entity/Q204662
626,靈臺春暖,,维基数据,http://www.wikidata.org/entity/Q2090255
627,侠盗王子罗宾汉,,维基数据,http://www.wikidata.org/entity/Q486822
628,沉睡者,,维基数据,http://www.wikidata.org/entity/Q1145732
629,雌雄莫辩,,维基数据,http://www.wikidata.org/entity/Q936037
630,疯狂大赛车,,维基数据,http://www.wikidata.org/entity/Q304366
631,哭泣游戏,,维基数据,http://www.wikidata.org/entity/Q182727
632,苏菲的抉择,,维基数据,http://www.wikidata.org/entity/Q165627
633,圣诞颂歌,,维基数据,http://www.wikidata.org/entity/Q181248
635,夜霧殺機,,维基数据,http://www.wikidata.org/entity/Q500403
636,纽约大逃亡,,维基数据,http://www.wikidata.org/entity/Q403033
638,马丁·盖尔归来,,维基数据,http://www.wikidata.org/entity/Q1217549
639,铁皮鼓,,维基数据,http://www.wikidata.org/entity/Q313764
640,廚師、大盗，他的妻子和她的情人,,维基数据,http://www.wikidata.org/entity/Q661202
641,光荣之路,,维基数据,http://www.wikidata.org/entity/Q747936
642,致命赌局,,维基数据,http://www.wikidata.org/entity/Q304488
644,细细的蓝线,,维基数据,http://www.wikidata.org/entity/Q162997
645,巴黎在燃燒,,维基数据,http://www.wikidata.org/entity/Q7137311
647,乱,,维基数据,http://www.wikidata.org/entity/Q565231
648,蓬門今始為君開,,维基数据,http://www.wikidata.org/entity/Q470560
649,美国往事,,维基数据,http://www.wikidata.org/entity/Q206388
650,第七封印,,维基数据,http://www.wikidata.org/entity/Q217189
651,光荣战役,,维基数据,http://www.wikidata.org/entity/Q862317
652,君臣人子小命呜呼,,维基数据,http://www.wikidata.org/entity/Q1579166
653,历劫佳人,,维基数据,http://www.wikidata.org/entity/Q778161
654,唐人街,,维基数据,http://www.wikidata.org/entity/Q644987
655,伴我同行,,维基数据,http://www.wikidata.org/entity/Q494722
656,M就是凶手,,维基数据,http://www.wikidata.org/entity/Q127021
657,諜網迷魂,,维基数据,http://www.wikidata.org/entity/Q521387
658,锁不住的天空,,维基数据,http://www.wikidata.org/entity/Q1587058
659,毒药与老妇,,维基数据,http://www.wikidata.org/entity/Q59317
660,油炸绿蕃茄,,维基数据,http://www.wikidata.org/entity/Q118375
661,日正當中,,维基数据,http://www.wikidata.org/entity/Q245208
662,时光倒流七十年,,维基数据,http://www.wikidata.org/entity/Q1305728
663,宝贵逼人来,,维基数据,http://www.wikidata.org/entity/Q945074
664,巴黎，德州,,维基数据,http://www.wikidata.org/entity/Q160946
666,魔鬼之血,,维基数据,http://www.wikidata.org/entity/Q2609506
667,魔緣,,维基数据,http://www.wikidata.org/entity/Q759020
668,血腥海灘,,维基数据,http://www.wikidata.org/entity/Q4927558
669,支離人,,维基数据,http://www.wikidata.org/entity/Q890072
670,異形基地,,维基数据,http://www.wikidata.org/entity/Q257514
672,糖果人,,维基数据,http://www.wikidata.org/entity/Q1033108
673,海角驚魂,,维基数据,http://www.wikidata.org/entity/Q529106
674,豹妹,,维基数据,http://www.wikidata.org/entity/Q1426423
675,不死僵尸—恐栗交响曲,,维基数据,http://www.wikidata.org/entity/Q151895
676,萨勒姆的女巫,,维基数据,http://www.wikidata.org/entity/Q596984
678,活火熔城,,维基数据,http://www.wikidata.org/entity/Q1059532
680,魔鬼征服者,,维基数据,http://www.wikidata.org/entity/Q1780108
681,破繭天魔,,维基数据,http://www.wikidata.org/entity/Q390042
682,我知道你去年夏天干了什么,,维基数据,http://www.wikidata.org/entity/Q302174
684,火线狙击,,维基数据,http://www.wikidata.org/entity/Q427386
685,最高危机,,维基数据,http://www.wikidata.org/entity/Q1142051
686,完美的世界,,维基数据,http://www.wikidata.org/entity/Q174683
687,老爺潛艇少爺兵,,维基数据,http://www.wikidata.org/entity/Q603318
688,反斗小寶貝,,维基数据,http://www.wikidata.org/entity/Q2367963
689,狙擊職業殺手,,维基数据,http://www.wikidata.org/entity/Q167437
690,西藏七年,,维基数据,http://www.wikidata.org/entity/Q844883
691,移魂都市,,维基数据,http://www.wikidata.org/entity/Q1127281
692,美国总统,,维基数据,http://www.wikidata.org/entity/Q429311
693,赌城风云,,维基数据,http://www.wikidata.org/entity/Q220910
694,勸導,,维基数据,http://www.wikidata.org/entity/Q919025
695,踹球叫練,,维基数据,http://www.wikidata.org/entity/Q3196361
696,檔案風暴,,维基数据,http://www.wikidata.org/entity/Q44686
697,边缘日记,,维基数据,http://www.wikidata.org/entity/Q962809
698,峰途路轉,,维基数据,http://www.wikidata.org/entity/Q1569614
699,小婦人,,维基数据,http://www.wikidata.org/entity/Q850522
700,愛情狂想曲,,维基数据,http://www.wikidata.org/entity/Q908983
703,寡婦村,,维基数据,http://www.wikidata.org/entity/Q3365051
704,金色豪門,,维基数据,http://www.wikidata.org/entity/Q312394
705,雨中曲,,维基数据,http://www.wikidata.org/entity/Q309153
706,鬼哭狼嚎,,维基数据,http://www.wikidata.org/entity/Q798740
708,性、謊言、錄影帶,,维基数据,http://www.wikidata.org/entity/Q1367548
709,舞国英雄,,维基数据,http://www.wikidata.org/entity/Q1346439
710,再见人生,,维基数据,http://www.wikidata.org/entity/Q1041839
711,壯志情仇,,维基数据,http://www.wikidata.org/entity/Q1670780
712,锡人,,维基数据,http://www.wikidata.org/entity/Q929144
713,奥赛罗,,维基数据,http://www.wikidata.org/entity/Q2036869
714,玻璃情人,,维基数据,http://www.wikidata.org/entity/Q2658045
715,不惜一切,,维基数据,http://www.wikidata.org/entity/Q590701
716,回家过节,,维基数据,http://www.wikidata.org/entity/Q1395242
717,危险机密,,维基数据,http://www.wikidata.org/entity/Q1475275
718,演艺事业,,维基数据,http://www.wikidata.org/entity/Q2245295
720,第一武士,,维基数据,http://www.wikidata.org/entity/Q333971
721,耍酷一族,,维基数据,http://www.wikidata.org/entity/Q39999
722,9月懷胎 (1995年電影),,维基数据,http://www.wikidata.org/entity/Q955389
723,瀟灑有情天,,维基数据,http://www.wikidata.org/entity/Q620099
724,他們愛的故事,,维基数据,http://www.wikidata.org/entity/Q721415
725,勇闯快活岛,,维基数据,http://www.wikidata.org/entity/Q642925
726,再世人狗緣,,维基数据,http://www.wikidata.org/entity/Q1266693
727,永遠的愛人,,维基数据,http://www.wikidata.org/entity/Q1754839
728,魔鬼二世,,维基数据,http://www.wikidata.org/entity/Q129265
729,大地的女兒,,维基数据,http://www.wikidata.org/entity/Q612323
730,瑪歌皇后,,维基数据,http://www.wikidata.org/entity/Q508766
731,扭计当家,,维基数据,http://www.wikidata.org/entity/Q1135365
732,冒牌總統,,维基数据,http://www.wikidata.org/entity/Q539658
733,叻女釣魚記趣,,维基数据,http://www.wikidata.org/entity/Q2256780
734,精子也瘋狂,,维基数据,http://www.wikidata.org/entity/Q950139
735,费城故事,,维基数据,http://www.wikidata.org/entity/Q204057
736,影子大地,,维基数据,http://www.wikidata.org/entity/Q1403132
737,相約在今生,,维基数据,http://www.wikidata.org/entity/Q1542458
738,情慾空間,,维基数据,http://www.wikidata.org/entity/Q1308638
739,漂亮女人,,维基数据,http://www.wikidata.org/entity/Q207954
740,簡愛,,维基数据,http://www.wikidata.org/entity/Q1682593
741,死亡晚餐,,维基数据,http://www.wikidata.org/entity/Q127045
742,赎金风暴,绑票通缉令,课程项目人工校对,
743,乌鸦2：天使之城,,维基数据,http://www.wikidata.org/entity/Q302181
744,豪情本色,,维基数据,http://www.wikidata.org/entity/Q430535
745,統治階級,,维基数据,http://www.wikidata.org/entity/Q1890531
746,天才反擊,,维基数据,http://www.wikidata.org/entity/Q1730419
747,邦尼和琼,,维基数据,http://www.wikidata.org/entity/Q793074
748,圣徒,侠圣,课程项目人工校对,
749,媒人,,维基数据,http://www.wikidata.org/entity/Q466929
750,勇者無懼,,维基数据,http://www.wikidata.org/entity/Q472361
751,明日帝国,,维基数据,http://www.wikidata.org/entity/Q207916
752,替身杀手,,维基数据,http://www.wikidata.org/entity/Q1212256
754,红角落,,维基数据,http://www.wikidata.org/entity/Q286132
755,勇敢者游戏,,维基数据,http://www.wikidata.org/entity/Q222939
756,新岳父大人2,,维基数据,http://www.wikidata.org/entity/Q1304560
757,跨越時空之海,,维基数据,http://www.wikidata.org/entity/Q4676502
758,天才除草人2,,维基数据,http://www.wikidata.org/entity/Q290811
759,公平游戏,,维基数据,http://www.wikidata.org/entity/Q120484
760,異形終結,,维基数据,http://www.wikidata.org/entity/Q555995
761,絕命時刻,,维基数据,http://www.wikidata.org/entity/Q909394
762,美麗佳人,,维基数据,http://www.wikidata.org/entity/Q813451
763,球场古惑仔,,维基数据,http://www.wikidata.org/entity/Q1313063
764,爱在布鲁克林桥,,维基数据,http://www.wikidata.org/entity/Q1514643
765,情場殺手,,维基数据,http://www.wikidata.org/entity/Q642511
767,夜瘾,,维基数据,http://www.wikidata.org/entity/Q2521217
768,鬼馬小精靈,,维基数据,http://www.wikidata.org/entity/Q1048166
769,刚果惊魂,,维基数据,http://www.wikidata.org/entity/Q598860
770,蓝裙魔鬼,,维基数据,http://www.wikidata.org/entity/Q1850866
771,捍衛機密,,维基数据,http://www.wikidata.org/entity/Q1129069
772,衝擊年代,,维基数据,http://www.wikidata.org/entity/Q646426
773,无声言证,,维基数据,http://www.wikidata.org/entity/Q2704431
774,魔翼杀手,,维基数据,http://www.wikidata.org/entity/Q1534001
775,愛情魔力,,维基数据,http://www.wikidata.org/entity/Q1544085
776,三個願望,,维基数据,http://www.wikidata.org/entity/Q3998104
777,新空房禁地3,,维基数据,http://www.wikidata.org/entity/Q1049417
778,这个男人有点色,,维基数据,http://www.wikidata.org/entity/Q492132
779,終極特區,,维基数据,http://www.wikidata.org/entity/Q1260289
781,情定巴黎,,维基数据,http://www.wikidata.org/entity/Q1455280
782,杀手悲歌,,维基数据,http://www.wikidata.org/entity/Q628589
783,風月俏佳人,,维基数据,http://www.wikidata.org/entity/Q2301732
785,我心属于你,,维基数据,http://www.wikidata.org/entity/Q1540554
786,舊愛新歡一家親,,维基数据,http://www.wikidata.org/entity/Q610097
787,同居大作战,,维基数据,http://www.wikidata.org/entity/Q379190
789,与鲨共游,,维基数据,http://www.wikidata.org/entity/Q1629547
790,老闆有麻烦,,维基数据,http://www.wikidata.org/entity/Q644041
791,俏奶媽俱樂部,,维基数据,http://www.wikidata.org/entity/Q3793484
792,子彈橫飛百老匯,,维基数据,http://www.wikidata.org/entity/Q1004531
793,种族情深,,维基数据,http://www.wikidata.org/entity/Q2534007
794,傾城佳話,,维基数据,http://www.wikidata.org/entity/Q222868
795,財神當家,,维基数据,http://www.wikidata.org/entity/Q506394
796,爱得没话说,,维基数据,http://www.wikidata.org/entity/Q1322346
797,時空特警,,维基数据,http://www.wikidata.org/entity/Q240849
798,轟天殺手,,维基数据,http://www.wikidata.org/entity/Q798662
800,戰慄黑洞,,维基数据,http://www.wikidata.org/entity/Q1214972
801,灌篮高手,,维基数据,http://www.wikidata.org/entity/Q2430523
802,終極標靶,,维基数据,http://www.wikidata.org/entity/Q574993
803,天與地,,维基数据,http://www.wikidata.org/entity/Q244876
804,星路急轉彎,,维基数据,http://www.wikidata.org/entity/Q1688957
805,曼克顿神秘谋杀案,,维基数据,http://www.wikidata.org/entity/Q1133277
806,威胁2：社会,,维基数据,http://www.wikidata.org/entity/Q1542944
807,写诗的贾斯廷斯,,维基数据,http://www.wikidata.org/entity/Q1537562
808,叛逆贏家,,维基数据,http://www.wikidata.org/entity/Q826289
809,旭日追兇,,维基数据,http://www.wikidata.org/entity/Q1217573
810,魅影魔星,,维基数据,http://www.wikidata.org/entity/Q1546938
811,古尔德的32个短片,,维基数据,http://www.wikidata.org/entity/Q7785228
812,親親小海豹,,维基数据,http://www.wikidata.org/entity/Q501407
813,電影中的同志,,维基数据,http://www.wikidata.org/entity/Q535096
814,哈林區的美好一天,,维基数据,http://www.wikidata.org/entity/Q4657171
815,一日鍾情,,维基数据,http://www.wikidata.org/entity/Q743487
816,糖果人2：腥风血雨,,维基数据,http://www.wikidata.org/entity/Q1033094
818,6號叩應女郎,,维基数据,http://www.wikidata.org/entity/Q2517431
819,疯狂教练,,维基数据,http://www.wikidata.org/entity/Q502876
820,空中大灌篮,,维基数据,http://www.wikidata.org/entity/Q207659
821,温特伯恩夫人,,维基数据,http://www.wikidata.org/entity/Q371885
822,面孔,,维基数据,http://www.wikidata.org/entity/Q2241601
823,CIA驚世大行動,,维基数据,http://www.wikidata.org/entity/Q1093391
824,拳壇老手,,维基数据,http://www.wikidata.org/entity/Q1514095
825,天袭,,维基数据,http://www.wikidata.org/entity/Q540318
826,轟天奇兵,,维基数据,http://www.wikidata.org/entity/Q1170071
827,龍出生天,,维基数据,http://www.wikidata.org/entity/Q225916
828,雪地迷蹤,,维基数据,http://www.wikidata.org/entity/Q1479235
829,亡命悍將,,维基数据,http://www.wikidata.org/entity/Q1109508
831,洛杉磯大逃亡,,维基数据,http://www.wikidata.org/entity/Q741026
832,妈咪也疯狂,,维基数据,http://www.wikidata.org/entity/Q290490
833,冤家路窄,,维基数据,http://www.wikidata.org/entity/Q1004433
835,柳暗花明,,维基数据,http://www.wikidata.org/entity/Q947098
836,妮娜琦珈,,维基数据,http://www.wikidata.org/entity/Q589894
837,風雲人物,,维基数据,http://www.wikidata.org/entity/Q1520732
840,終極悍將,,维基数据,http://www.wikidata.org/entity/Q1425639
841,魔鬼尖兵,,维基数据,http://www.wikidata.org/entity/Q539545
842,小福星,,维基数据,http://www.wikidata.org/entity/Q2477507
843,一家歡,,维基数据,http://www.wikidata.org/entity/Q1608728
844,極速驚魂,,维基数据,http://www.wikidata.org/entity/Q568858
845,那一天传奇,,维基数据,http://www.wikidata.org/entity/Q642410
846,夜未眠生死戀,,维基数据,http://www.wikidata.org/entity/Q2269039
847,尋找理查,,维基数据,http://www.wikidata.org/entity/Q1493156
848,谋杀，我的宝贝,,维基数据,http://www.wikidata.org/entity/Q2564595
849,雷霆壮志,,维基数据,http://www.wikidata.org/entity/Q603696
854,宇宙怪客,,维基数据,http://www.wikidata.org/entity/Q605204
855,歌劇紅伶,,维基数据,http://www.wikidata.org/entity/Q735383
856,地球之夜,,维基数据,http://www.wikidata.org/entity/Q506279
858,灵异鬼现,,维基数据,http://www.wikidata.org/entity/Q2659131
859,嚇餐懵,,维基数据,http://www.wikidata.org/entity/Q692275
860,紐約大怪談 (1987年電影),,维基数据,http://www.wikidata.org/entity/Q1170186
862,一路响叮当,,维基数据,http://www.wikidata.org/entity/Q1064530
864,總統有難,,维基数据,http://www.wikidata.org/entity/Q1305069
865,冰风暴,,维基数据,http://www.wikidata.org/entity/Q1193138
866,天使不設防,,维基数据,http://www.wikidata.org/entity/Q1752194
867,鍾愛一世情,,维基数据,http://www.wikidata.org/entity/Q1627661
869,傻愛成真,,维基数据,http://www.wikidata.org/entity/Q585106
870,初戀無限,,维基数据,http://www.wikidata.org/entity/Q693390
872,愛情喜相逢,,维基数据,http://www.wikidata.org/entity/Q6690892
873,构想完美,,维基数据,http://www.wikidata.org/entity/Q1198659
874,紅粉貴族,,维基数据,http://www.wikidata.org/entity/Q973124
875,戀戀風暴,,维基数据,http://www.wikidata.org/entity/Q637748
876,超級轟天雷,,维基数据,http://www.wikidata.org/entity/Q1851378
877,老爸！我被绑架了,,维基数据,http://www.wikidata.org/entity/Q2665942
878,酷貓妙探,,维基数据,http://www.wikidata.org/entity/Q662668
879,末日戒備,,维基数据,http://www.wikidata.org/entity/Q1141706
880,精神食糧,,维基数据,http://www.wikidata.org/entity/Q1140272
881,超級轟天雷,,维基数据,http://www.wikidata.org/entity/Q1851378
882,情感的禁區,,维基数据,http://www.wikidata.org/entity/Q2298501
883,在美國撒謊,,维基数据,http://www.wikidata.org/entity/Q2276038
884,馬年,,维基数据,http://www.wikidata.org/entity/Q1753426
885,地心駭客,,维基数据,http://www.wikidata.org/entity/Q8905685
886,你行我素,,维基数据,http://www.wikidata.org/entity/Q496907
887,仲夏夜玫瑰,,维基数据,http://www.wikidata.org/entity/Q3284333
888,一夜风流,,维基数据,http://www.wikidata.org/entity/Q1616030
889,探戈課,,维基数据,http://www.wikidata.org/entity/Q545616
890,格斗之王 2,,维基数据,http://www.wikidata.org/entity/Q426837
891,生命中不能承受之情,,维基数据,http://www.wikidata.org/entity/Q697393
892,乌龙博士,,维基数据,http://www.wikidata.org/entity/Q1325217
893,貧富之間,,维基数据,http://www.wikidata.org/entity/Q185859
894,小鬼當家3,,维基数据,http://www.wikidata.org/entity/Q382320
895,惊声尖叫2,,维基数据,http://www.wikidata.org/entity/Q270599
896,意外的春天,,维基数据,http://www.wikidata.org/entity/Q135315
898,末世戰士,,维基数据,http://www.wikidata.org/entity/Q1122688
899,冬天的訪客,,维基数据,http://www.wikidata.org/entity/Q2566986
900,昆丹,,维基数据,http://www.wikidata.org/entity/Q944291
901,脱线先生,,维基数据,http://www.wikidata.org/entity/Q1635521
902,谋杀绿脚趾,,维基数据,http://www.wikidata.org/entity/Q337078
903,换妻游戏,,维基数据,http://www.wikidata.org/entity/Q830430
905,烈愛風雲,,维基数据,http://www.wikidata.org/entity/Q657259
908,半生不熟,,维基数据,http://www.wikidata.org/entity/Q1570923
909,威尼斯之女,,维基数据,http://www.wikidata.org/entity/Q187999
910,切勿吞食,,维基数据,http://www.wikidata.org/entity/Q1518031
911,朦胧,,维基数据,http://www.wikidata.org/entity/Q748194
914,玩尽杀绝,,维基数据,http://www.wikidata.org/entity/Q1133610
915,这个总统真太滥,,维基数据,http://www.wikidata.org/entity/Q1480617
916,LIS太空號,,维基数据,http://www.wikidata.org/entity/Q502908
917,水銀蒸發令,,维基数据,http://www.wikidata.org/entity/Q267321
918,天使之城,,维基数据,http://www.wikidata.org/entity/Q168010
920,兩毛五,,维基数据,http://www.wikidata.org/entity/Q2546088
922,离魂异客,,维基数据,http://www.wikidata.org/entity/Q547189
924,怒海驕陽,,维基数据,http://www.wikidata.org/entity/Q1756394
925,人工記憶,,维基数据,http://www.wikidata.org/entity/Q2079258
926,潛艇總動員,,维基数据,http://www.wikidata.org/entity/Q1567203
928,魔女游戏,,维基数据,http://www.wikidata.org/entity/Q937005
929,超级大间谍,,维基数据,http://www.wikidata.org/entity/Q934004
930,連鎖反應 (1996年電影),,维基数据,http://www.wikidata.org/entity/Q499692
931,拦截人魔岛,,维基数据,http://www.wikidata.org/entity/Q1091580
932,第一公子,,维基数据,http://www.wikidata.org/entity/Q1627076
933,江湖白事,,维基数据,http://www.wikidata.org/entity/Q597046
934,天使保镖,,维基数据,http://www.wikidata.org/entity/Q1475674
935,火線浮生錄,,维基数据,http://www.wikidata.org/entity/Q1970669
936,奏出新希望,,维基数据,http://www.wikidata.org/entity/Q748988
937,褪色天堂,,维基数据,http://www.wikidata.org/entity/Q766463
938,如你那般微笑,,维基数据,http://www.wikidata.org/entity/Q300560
939,1996黑獄風雲,,维基数据,http://www.wikidata.org/entity/Q1154802
940,搖滾總動員,,维基数据,http://www.wikidata.org/entity/Q408725
941,乞丐博士,,维基数据,http://www.wikidata.org/entity/Q1083372
942,与爱何干,,维基数据,http://www.wikidata.org/entity/Q1471849
943,亡命之徒 (1994年電影),,维基数据,http://www.wikidata.org/entity/Q1500287
944,天兵总动员,,维基数据,http://www.wikidata.org/entity/Q129288
945,谜中谜,,维基数据,http://www.wikidata.org/entity/Q496266
946,狐狸与猎狗,,维基数据,http://www.wikidata.org/entity/Q40302
947,碧海藍天,,维基数据,http://www.wikidata.org/entity/Q517239
948,情人你真糗,,维基数据,http://www.wikidata.org/entity/Q845157
949,編織戀愛夢,,维基数据,http://www.wikidata.org/entity/Q493799
950,乔治亚,,维基数据,http://www.wikidata.org/entity/Q1509291
951,魔櫃小奇兵,,维基数据,http://www.wikidata.org/entity/Q1194561
952,煙變奏之吐盡心中情,,维基数据,http://www.wikidata.org/entity/Q2478977
953,真情赤子心,,维基数据,http://www.wikidata.org/entity/Q2562722
954,拉链拉下来,,维基数据,http://www.wikidata.org/entity/Q3951309
955,情留半天,,维基数据,http://www.wikidata.org/entity/Q659609
956,大智若愚,,维基数据,http://www.wikidata.org/entity/Q1551887
958,活着,,维基数据,http://www.wikidata.org/entity/Q151784
959,意亂情迷,,维基数据,http://www.wikidata.org/entity/Q39975
960,赤裸裸,,维基数据,http://www.wikidata.org/entity/Q1963079
962,魯比的天堂歲月,,维基数据,http://www.wikidata.org/entity/Q753610
964,湖畔迷情,,维基数据,http://www.wikidata.org/entity/Q1305148
965,甜姐儿,,维基数据,http://www.wikidata.org/entity/Q147068
966,金玉盟,,维基数据,http://www.wikidata.org/entity/Q303719
967,小公子,,维基数据,http://www.wikidata.org/entity/Q1199248
968,钦差大臣,,维基数据,http://www.wikidata.org/entity/Q1089010
969,小熊維尼與大風吹,,维基数据,http://www.wikidata.org/entity/Q1378605
970,听我唱歌,,维基数据,http://www.wikidata.org/entity/Q1592367
971,地中海,,维基数据,http://www.wikidata.org/entity/Q661660
972,只可活一次,,维基数据,http://www.wikidata.org/entity/Q431772
974,逍遙法外,,维基数据,http://www.wikidata.org/entity/Q760229
975,致命的危机,,维基数据,http://www.wikidata.org/entity/Q1070275
976,機器戰士,,维基数据,http://www.wikidata.org/entity/Q2409724
977,魔鬼先鋒,,维基数据,http://www.wikidata.org/entity/Q1778407
978,猎杀大行动,,维基数据,http://www.wikidata.org/entity/Q249032
979,槍聲響起,,维基数据,http://www.wikidata.org/entity/Q1198844
980,今生情與恨,,维基数据,http://www.wikidata.org/entity/Q845652
981,驚爆死亡角,,维基数据,http://www.wikidata.org/entity/Q749110
982,極度冒險,,维基数据,http://www.wikidata.org/entity/Q598177
983,魔鬼交易,,维基数据,http://www.wikidata.org/entity/Q2463968
984,火线惊爆点,,维基数据,http://www.wikidata.org/entity/Q1217242
986,插翅难飞,,维基数据,http://www.wikidata.org/entity/Q727775
988,美容师与野兽,,维基数据,http://www.wikidata.org/entity/Q1289681
989,猫咪不跳舞,,维基数据,http://www.wikidata.org/entity/Q930134
990,愛比戀更冷,,维基数据,http://www.wikidata.org/entity/Q84147
991,全面通緝,,维基数据,http://www.wikidata.org/entity/Q1520955
992,浮出水面,,维基数据,http://www.wikidata.org/entity/Q1783958
993,大力士,,维基数据,http://www.wikidata.org/entity/Q271189
995,租错房间搭错线,,维基数据,http://www.wikidata.org/entity/Q691555
996,奶爸教練,,维基数据,http://www.wikidata.org/entity/Q753676
997,全家救星,,维基数据,http://www.wikidata.org/entity/Q7627071
998,幻海大奇航,,维基数据,http://www.wikidata.org/entity/Q2724012
999,從頭再來,,维基数据,http://www.wikidata.org/entity/Q880897
1001,笨人一族,,维基数据,http://www.wikidata.org/entity/Q3490545
1002,超級破壞王,,维基数据,http://www.wikidata.org/entity/Q2413429
1003,酷貓妙探,,维基数据,http://www.wikidata.org/entity/Q662668
1004,印第安傳奇,,维基数据,http://www.wikidata.org/entity/Q1514670
1006,直到世界末日,,维基数据,http://www.wikidata.org/entity/Q571053
1007,等待古夫曼,,维基数据,http://www.wikidata.org/entity/Q2699996
1008,我枪杀了安迪·沃荷,,维基数据,http://www.wikidata.org/entity/Q1582860
1009,偷香,,维基数据,http://www.wikidata.org/entity/Q749191
1010,輕狂歲月,,维基数据,http://www.wikidata.org/entity/Q810441
1011,山谷两日,,维基数据,http://www.wikidata.org/entity/Q222873
1012,隐私部分,,维基数据,http://www.wikidata.org/entity/Q781344
1013,狂蟒之灾1,,维基数据,http://www.wikidata.org/entity/Q464042
1014,阿珠与阿花,,维基数据,http://www.wikidata.org/entity/Q1854476
1015,它不重，它是我宝贝,,维基数据,http://www.wikidata.org/entity/Q3481656
1016,空中监狱,,维基数据,http://www.wikidata.org/entity/Q607910
1017,伤心树屋,,维基数据,http://www.wikidata.org/entity/Q2602493
1020,煤气灯下,,维基数据,http://www.wikidata.org/entity/Q841781
1022,又快又賤又失控,,维基数据,http://www.wikidata.org/entity/Q3067091
1023,不可能的拍檔,,维基数据,http://www.wikidata.org/entity/Q1305299
1024,達洛維夫人,,维基数据,http://www.wikidata.org/entity/Q12126327
1025,烈火戰將,,维基数据,http://www.wikidata.org/entity/Q1418758
1028,斗气老顽童2,,维基数据,http://www.wikidata.org/entity/Q782465
1029,乌龙陪审团,,维基数据,http://www.wikidata.org/entity/Q428668
1030,贝弗利山人,,维基数据,http://www.wikidata.org/entity/Q1211343
1031,新灵犬莱西,,维基数据,http://www.wikidata.org/entity/Q638550
1032,小子大聯盟,,维基数据,http://www.wikidata.org/entity/Q934614
1033,看狗在说话之旧金山历险记,,维基数据,http://www.wikidata.org/entity/Q889691
1034,魔宮戰士,,维基数据,http://www.wikidata.org/entity/Q1469524
1035,癲瘋總動員,,维基数据,http://www.wikidata.org/entity/Q282748
1036,捣蛋鬼弗瑞德,,维基数据,http://www.wikidata.org/entity/Q53703
1037,油脂2,,维基数据,http://www.wikidata.org/entity/Q1138932
1038,極速殺機,,维基数据,http://www.wikidata.org/entity/Q2092528
1039,哈姆莱特,,维基数据,http://www.wikidata.org/entity/Q898721
1040,偷心计划,,维基数据,http://www.wikidata.org/entity/Q1519553
1041,忘情巴黎,,维基数据,http://www.wikidata.org/entity/Q1760597
1042,正當防衛,,维基数据,http://www.wikidata.org/entity/Q1659511
1043,终极笑探总动员,,维基数据,http://www.wikidata.org/entity/Q2977849
1044,媒体先锋,,维基数据,http://www.wikidata.org/entity/Q1747211
1045,劫後生死戀,,维基数据,http://www.wikidata.org/entity/Q255742
1046,體熱邊緣,,维基数据,http://www.wikidata.org/entity/Q1740859
1047,丈夫一箩筐,,维基数据,http://www.wikidata.org/entity/Q774732
1048,猜心遊戲,,维基数据,http://www.wikidata.org/entity/Q1480910
1049,天使小綁匪,,维基数据,http://www.wikidata.org/entity/Q1460493
1050,寡婦情深結鬼緣,,维基数据,http://www.wikidata.org/entity/Q1304578
1051,大亨也瘋狂,,维基数据,http://www.wikidata.org/entity/Q1974702
1052,吸血鬼也瘋狂,,维基数据,http://www.wikidata.org/entity/Q1254469
1053,今思往事,,维基数据,http://www.wikidata.org/entity/Q614966
1054,二见钟情之新好男人,,维基数据,http://www.wikidata.org/entity/Q521290
1055,淘气精灵,,维基数据,http://www.wikidata.org/entity/Q471401
1057,陰錯陽差,,维基数据,http://www.wikidata.org/entity/Q602289
1058,戰爭,,维基数据,http://www.wikidata.org/entity/Q1167231
1059,笑枪走火,,维基数据,http://www.wikidata.org/entity/Q1619928
1060,新木偶奇遇記,,维基数据,http://www.wikidata.org/entity/Q336835
1061,晚间之星,,维基数据,http://www.wikidata.org/entity/Q1678645
1063,小公主,,维基数据,http://www.wikidata.org/entity/Q1216898
1064,雙雄鬥智,,维基数据,http://www.wikidata.org/entity/Q632718
1066,小狗波圖,,维基数据,http://www.wikidata.org/entity/Q764116
1067,脫線沖天炮,,维基数据,http://www.wikidata.org/entity/Q514565
1068,新天堂星探,,维基数据,http://www.wikidata.org/entity/Q586569
1069,艷尼影后失憶漢,,维基数据,http://www.wikidata.org/entity/Q455552
1070,開麥拉狂想曲,,维基数据,http://www.wikidata.org/entity/Q1648536
1072,烈火奇緣,,维基数据,http://www.wikidata.org/entity/Q4659081
1073,魔鬼一族,,维基数据,http://www.wikidata.org/entity/Q506032
1074,四个毕业生,,维基数据,http://www.wikidata.org/entity/Q1423849
1075,無名小卒,,维基数据,http://www.wikidata.org/entity/Q3283966
1076,時空大聖,,维基数据,http://www.wikidata.org/entity/Q1196110
1077,杀戮边缘,,维基数据,http://www.wikidata.org/entity/Q1872448
1078,奥丽华历险记,,维基数据,http://www.wikidata.org/entity/Q216929
1079,蟑螂總動員,,维基数据,http://www.wikidata.org/entity/Q956636
1081,颤慄时刻,,维基数据,http://www.wikidata.org/entity/Q961100
1082,黑色芳心,,维基数据,http://www.wikidata.org/entity/Q321454
1083,白色鳄鱼,,维基数据,http://www.wikidata.org/entity/Q1778856
1084,安妮·弗兰克记得,,维基数据,http://www.wikidata.org/entity/Q466765
1088,反击王,,维基数据,http://www.wikidata.org/entity/Q1251504
1089,生死時速續集,,维基数据,http://www.wikidata.org/entity/Q831800
1090,偷窥,,维基数据,http://www.wikidata.org/entity/Q581642
1091,妙妙龙,,维基数据,http://www.wikidata.org/entity/Q1332299
1092,冒牌上帝,,维基数据,http://www.wikidata.org/entity/Q691027
1094,爱恨一线间,,维基数据,http://www.wikidata.org/entity/Q929293
1095,高中之高,,维基数据,http://www.wikidata.org/entity/Q1302821
1097,恨,,维基数据,http://www.wikidata.org/entity/Q466101
1098,挑逗性遊戲,,维基数据,http://www.wikidata.org/entity/Q1428990
1100,事情原来是这样的,,维基数据,http://www.wikidata.org/entity/Q7991117
1101,六度分离,,维基数据,http://www.wikidata.org/entity/Q1169609
1103,信任,,维基数据,http://www.wikidata.org/entity/Q2545805
1105,风暴大火 (1998年電影),,维基数据,http://www.wikidata.org/entity/Q484857
1106,牛頓小子,,维基数据,http://www.wikidata.org/entity/Q1215169
1107,遠東之旅,,维基数据,http://www.wikidata.org/entity/Q1753610
1109,不道德的审判,,维基数据,http://www.wikidata.org/entity/Q466265
1110,坦克女郎,,维基数据,http://www.wikidata.org/entity/Q2300632
1111,双喜,,维基数据,http://www.wikidata.org/entity/Q5299794
1112,熱血英雄,,维基数据,http://www.wikidata.org/entity/Q2364759
1113,派克夫人的情人,,维基数据,http://www.wikidata.org/entity/Q175278
1114,非常背叛,,维基数据,http://www.wikidata.org/entity/Q1755355
1115,皆大歡喜,,维基数据,http://www.wikidata.org/entity/Q1525083
1116,佐罗的面具,,维基数据,http://www.wikidata.org/entity/Q1541847
1117,狂愛走一回,,维基数据,http://www.wikidata.org/entity/Q1680069
1119,他们的故事,,维基数据,http://www.wikidata.org/entity/Q130868
1121,瑟堡的雨伞,,维基数据,http://www.wikidata.org/entity/Q163868
1123,魂斷巴黎,,维基数据,http://www.wikidata.org/entity/Q1158191
1124,告别武器,,维基数据,http://www.wikidata.org/entity/Q1575490
1125,无辜的人,,维基数据,http://www.wikidata.org/entity/Q666082
1126,老人与海,,维基数据,http://www.wikidata.org/entity/Q1198269
1127,楚门的世界,,维基数据,http://www.wikidata.org/entity/Q214801
1131,非常安全,,维基数据,http://www.wikidata.org/entity/Q2731453
1132,愛上明尼蘇達,,维基数据,http://www.wikidata.org/entity/Q1937392
1133,勇闖魔域山,,维基数据,http://www.wikidata.org/entity/Q1212511
1134,風暴1997,,维基数据,http://www.wikidata.org/entity/Q2154858
1135,火乐焚城,,维基数据,http://www.wikidata.org/entity/Q937087
1136,密西西比谋杀案,,维基数据,http://www.wikidata.org/entity/Q997206
1137,美好事物,,维基数据,http://www.wikidata.org/entity/Q813461
1138,械劫情郎,,维基数据,http://www.wikidata.org/entity/Q885295
1139,忽然奪網,,维基数据,http://www.wikidata.org/entity/Q13908
1140,窈窕男女,,维基数据,http://www.wikidata.org/entity/Q1999631
1141,战略室,,维基数据,http://www.wikidata.org/entity/Q743292
1142,拳王阿里,,维基数据,http://www.wikidata.org/entity/Q1779974
1144,安靜的房間,,维基数据,http://www.wikidata.org/entity/Q3425650
1145,火爆教头,,维基数据,http://www.wikidata.org/entity/Q885659
1147,玉米田的天空,,维基数据,http://www.wikidata.org/entity/Q1783892
1148,诗人与他的情人,,维基数据,http://www.wikidata.org/entity/Q559429
1149,小姐弟荒原历险,,维基数据,http://www.wikidata.org/entity/Q1342653
1150,最後生死戀,,维基数据,http://www.wikidata.org/entity/Q1806702
1151,暴力大都會,,维基数据,http://www.wikidata.org/entity/Q7102539
1152,愛情與戰爭,,维基数据,http://www.wikidata.org/entity/Q912451
1153,披頭歲月,,维基数据,http://www.wikidata.org/entity/Q593772
1155,人約巴黎,,维基数据,http://www.wikidata.org/entity/Q3235137
1157,第三类终结者,,维基数据,http://www.wikidata.org/entity/Q1170168
1159,潜行者,,维基数据,http://www.wikidata.org/entity/Q200437
1160,反串仍是愛,,维基数据,http://www.wikidata.org/entity/Q16252708
1161,笨賊三人組,,维基数据,http://www.wikidata.org/entity/Q1553755
1163,淑女本色,,维基数据,http://www.wikidata.org/entity/Q186504
1164,吉雅丝和罗克珊,,维基数据,http://www.wikidata.org/entity/Q197011
1165,愛情特效藥,,维基数据,http://www.wikidata.org/entity/Q4905397
1166,現代風月寶鑑,,维基数据,http://www.wikidata.org/entity/Q1759628
1167,同志夾心人,,维基数据,http://www.wikidata.org/entity/Q1518910
1168,小活佛,,维基数据,http://www.wikidata.org/entity/Q1141873
1169,新鮮,,维基数据,http://www.wikidata.org/entity/Q503199
1170,愛上老媽,,维基数据,http://www.wikidata.org/entity/Q1757776
1172,女人们,,维基数据,http://www.wikidata.org/entity/Q348678
1173,愛慾痴狂,,维基数据,http://www.wikidata.org/entity/Q23016667
1174,閨房外的春天,,维基数据,http://www.wikidata.org/entity/Q1051525
1175,精池塘,,维基数据,http://www.wikidata.org/entity/Q1921451
1176,歡迎到塞拉耶佛,,维基数据,http://www.wikidata.org/entity/Q750917
1177,神偷小猩猩,,维基数据,http://www.wikidata.org/entity/Q645480
1179,犬父虎子,,维基数据,http://www.wikidata.org/entity/Q158559
1180,我愛麻煩,,维基数据,http://www.wikidata.org/entity/Q1481578
1181,酷条子,,维基数据,http://www.wikidata.org/entity/Q1962426
1182,條子與妙家庭,,维基数据,http://www.wikidata.org/entity/Q1131562
1183,乡巴佬征服纽约,,维基数据,http://www.wikidata.org/entity/Q947140
1185,符碌軍團,,维基数据,http://www.wikidata.org/entity/Q3053490
1187,刀槍姊妹,,维基数据,http://www.wikidata.org/entity/Q1211739
1188,少壮屠龙阵 2,,维基数据,http://www.wikidata.org/entity/Q883213
1189,阿普正傳 (1997年電影),,维基数据,http://www.wikidata.org/entity/Q2657831
1190,二度姻缘三日情,,维基数据,http://www.wikidata.org/entity/Q1476951
1193,暴雨將至,,维基数据,http://www.wikidata.org/entity/Q911013
1194,戰士奇兵,,维基数据,http://www.wikidata.org/entity/Q919579
1195,草莓与巧克力,,维基数据,http://www.wikidata.org/entity/Q925448
1196,狂野的愛,,维基数据,http://www.wikidata.org/entity/Q174785
1197,家庭事務,,维基数据,http://www.wikidata.org/entity/Q300401
1199,魔诫坟场,,维基数据,http://www.wikidata.org/entity/Q929886
1200,印地战笳声,,维基数据,http://www.wikidata.org/entity/Q1233030
1202,衣柜里的男人,,维基数据,http://www.wikidata.org/entity/Q491386
1203,禮帽,,维基数据,http://www.wikidata.org/entity/Q1139031
1204,生死大逃亡,,维基数据,http://www.wikidata.org/entity/Q704972
1205,秘密間碟,,维基数据,http://www.wikidata.org/entity/Q2975672
1206,黑白追緝令,,维基数据,http://www.wikidata.org/entity/Q474199
1207,玉焰,,维基数据,http://www.wikidata.org/entity/Q889386
1208,死亡之吻,,维基数据,http://www.wikidata.org/entity/Q2000941
1209,救命恩人,,维基数据,http://www.wikidata.org/entity/Q1824522
1210,時空悍將,,维基数据,http://www.wikidata.org/entity/Q187414
1211,蓝色天空,,维基数据,http://www.wikidata.org/entity/Q1849813
1212,无情大地有情天,,维基数据,http://www.wikidata.org/entity/Q1413403
1213,戰慄情謀,,维基数据,http://www.wikidata.org/entity/Q387868
1214,感官世界,,维基数据,http://www.wikidata.org/entity/Q510181
1215,越空追击,,维基数据,http://www.wikidata.org/entity/Q807302
1216,特別的吻給特別的你,,维基数据,http://www.wikidata.org/entity/Q939844
1217,刺客战场,,维基数据,http://www.wikidata.org/entity/Q739498
1218,星期五,,维基数据,http://www.wikidata.org/entity/Q673486
1219,高飛電影,,维基数据,http://www.wikidata.org/entity/Q869993
1220,校园大冲突,,维基数据,http://www.wikidata.org/entity/Q1617908
1221,當男人愛上女人,,维基数据,http://www.wikidata.org/entity/Q1928695
1222,夜惊魂,,维基数据,http://www.wikidata.org/entity/Q1710973
1223,山丘之王,,维基数据,http://www.wikidata.org/entity/Q1630996
1224,王牌大聯盟,,维基数据,http://www.wikidata.org/entity/Q785267
1225,油炸冰淇淋,,维基数据,http://www.wikidata.org/entity/Q329145
1227,新愛情樂園,,维基数据,http://www.wikidata.org/entity/Q2549305
1228,魔鬼戰將2,,维基数据,http://www.wikidata.org/entity/Q1355072
1230,云裳风暴,,维基数据,http://www.wikidata.org/entity/Q911775
1231,天龍戰警,,维基数据,http://www.wikidata.org/entity/Q109110
1234,富贵逼人来,,维基数据,http://www.wikidata.org/entity/Q5068089
1237,纽约孤儿,,维基数据,http://www.wikidata.org/entity/Q4415484
1239,割喉岛,,维基数据,http://www.wikidata.org/entity/Q1051496
1241,情系快餐車,,维基数据,http://www.wikidata.org/entity/Q1419676
1243,史蒂芬金惡夜嚇破膽,,维基数据,http://www.wikidata.org/entity/Q2060440
1244,超級警探,,维基数据,http://www.wikidata.org/entity/Q1858277
1245,浪子回頭妙事多,,维基数据,http://www.wikidata.org/entity/Q951966
1246,反斗星玩轉綠林,,维基数据,http://www.wikidata.org/entity/Q1629871
1247,致命女人香,,维基数据,http://www.wikidata.org/entity/Q798696
1248,战悚目击者,,维基数据,http://www.wikidata.org/entity/Q604155
1249,小生護駕,,维基数据,http://www.wikidata.org/entity/Q947617
1250,唯我獨尊3：致命反擊,,维基数据,http://www.wikidata.org/entity/Q830361
1252,蔑视,,维基数据,http://www.wikidata.org/entity/Q598109
1253,領帶之謎,,维基数据,http://www.wikidata.org/entity/Q740069
1254,妙趣钓鱼三人行,,维基数据,http://www.wikidata.org/entity/Q1192024
1256,指定懺悔者1997,,维基数据,http://www.wikidata.org/entity/Q7729824
1257,指定懺悔者1997,,维基数据,http://www.wikidata.org/entity/Q7729824
1258,偷心大狀緣,,维基数据,http://www.wikidata.org/entity/Q963283
1260,全蝕狂愛,,维基数据,http://www.wikidata.org/entity/Q543462
1261,國家的奔跑,,维基数据,http://www.wikidata.org/entity/Q7761835
1262,良缘知己,,维基数据,http://www.wikidata.org/entity/Q324239
1263,怒火赤子心,,维基数据,http://www.wikidata.org/entity/Q1440232
1265,摘星寻梦,,维基数据,http://www.wikidata.org/entity/Q7600796
1266,面包与巧克力,,维基数据,http://www.wikidata.org/entity/Q671116
1267,黑街追緝令,,维基数据,http://www.wikidata.org/entity/Q2268296
1268,偷月迷情,,维基数据,http://www.wikidata.org/entity/Q878964
1269,黃昏之戀,,维基数据,http://www.wikidata.org/entity/Q630855
1270,福星急轉彎,,维基数据,http://www.wikidata.org/entity/Q839265
1271,浪子保镖,,维基数据,http://www.wikidata.org/entity/Q1072666
1273,夜色,,维基数据,http://www.wikidata.org/entity/Q1111228
1274,機械戰警 3,,维基数据,http://www.wikidata.org/entity/Q841233
1277,辣姊妹,,维基数据,http://www.wikidata.org/entity/Q962544
1278,哭泣的玫瑰,,维基数据,http://www.wikidata.org/entity/Q751130
1279,勇闯天涯路,,维基数据,http://www.wikidata.org/entity/Q221982
1280,魔警殺手,,维基数据,http://www.wikidata.org/entity/Q2619792
1281,曼妮姐妹,,维基数据,http://www.wikidata.org/entity/Q1516532
1282,草竖琴,,维基数据,http://www.wikidata.org/entity/Q3989936
1283,大海之外,,维基数据,http://www.wikidata.org/entity/Q2030840
1284,兇殺後,,维基数据,http://www.wikidata.org/entity/Q1178292
1285,卡拉布公主,,维基数据,http://www.wikidata.org/entity/Q644372
1286,随我婆娑,,维基数据,http://www.wikidata.org/entity/Q1576105
1287,王牌猩手,,维基数据,http://www.wikidata.org/entity/Q1134452
1288,丹妮絲打電話,,维基数据,http://www.wikidata.org/entity/Q3784688
1289,親親我的愛,,维基数据,http://www.wikidata.org/entity/Q3805533
1290,乡村生活,,维基数据,http://www.wikidata.org/entity/Q4158757
1291,阿達球迷鬧籃壇,,维基数据,http://www.wikidata.org/entity/Q1171263
1292,脱线教父,,维基数据,http://www.wikidata.org/entity/Q739806
1294,艾茵·蘭德：一種生命感,,维基数据,http://www.wikidata.org/entity/Q4831496
1297,愛你、戀你、想你,,维基数据,http://www.wikidata.org/entity/Q2070564
1298,蓬车队,,维基数据,http://www.wikidata.org/entity/Q1508130
1299,断肠记,,维基数据,http://www.wikidata.org/entity/Q419838
1300,直到有你,,维基数据,http://www.wikidata.org/entity/Q232106
1301,条纹布,,维基数据,http://www.wikidata.org/entity/Q174153
1303,賭命鴛鴦,,维基数据,http://www.wikidata.org/entity/Q1519938
1305,無良百厭星,,维基数据,http://www.wikidata.org/entity/Q604821
1307,一蕉得志美蘭黛,,维基数据,http://www.wikidata.org/entity/Q5043525
1311,待到梦醒时分,,维基数据,http://www.wikidata.org/entity/Q736254
1313,情色陷阱 (1998年電影),,维基数据,http://www.wikidata.org/entity/Q512176
1314,獵人A計畫,,维基数据,http://www.wikidata.org/entity/Q1461570
1315,愛的秘密,,维基数据,http://www.wikidata.org/entity/Q766847
1316,马语者,,维基数据,http://www.wikidata.org/entity/Q1127424
1319,霓虹寶典,,维基数据,http://www.wikidata.org/entity/Q3521995
1325,意外訪客,,维基数据,http://www.wikidata.org/entity/Q3313837
1326,心思思初戀故事,,维基数据,http://www.wikidata.org/entity/Q737723
1327,真情俘虜,,维基数据,http://www.wikidata.org/entity/Q4101697
1328,英雄戰場,,维基数据,http://www.wikidata.org/entity/Q3415210
1334,危險男女,,维基数据,http://www.wikidata.org/entity/Q3489796
1335,美国野牛,,维基数据,http://www.wikidata.org/entity/Q463633
1336,精靈也瘋狂,,维基数据,http://www.wikidata.org/entity/Q3137753
1337,傑克與大象,,维基数据,http://www.wikidata.org/entity/Q1218039
1338,丹尼博士的情人,,维基数据,http://www.wikidata.org/entity/Q7858914
1341,海德維恩,,维基数据,http://www.wikidata.org/entity/Q774626
1345,天国逆子,,维基数据,http://www.wikidata.org/entity/Q5411788
1347,楢山節考,,维基数据,http://www.wikidata.org/entity/Q2480468
1352,天使之影,,维基数据,http://www.wikidata.org/entity/Q3204512
1354,威尼斯、威尼斯,,维基数据,http://www.wikidata.org/entity/Q7919966
1355,情深我心,,维基数据,http://www.wikidata.org/entity/Q1993812
1356,埃迪的单身生活,,维基数据,http://www.wikidata.org/entity/Q5334453
1357,銀翼情人,,维基数据,http://www.wikidata.org/entity/Q5467111
1361,尋找獨眼吉米,,维基数据,http://www.wikidata.org/entity/Q3612320
1362,美國殺手,,维基数据,http://www.wikidata.org/entity/Q4401429
1368,米娜的故事,,维基数据,http://www.wikidata.org/entity/Q3314697
1369,被禁止的基督,,维基数据,http://www.wikidata.org/entity/Q1199761
1370,難以入眠,,维基数据,http://www.wikidata.org/entity/Q3156595
1375,賽門花園,,维基数据,http://www.wikidata.org/entity/Q1916423
1377,爱酒店,,维基数据,http://www.wikidata.org/entity/Q5912157
1379,愛的路上五個人,,维基数据,http://www.wikidata.org/entity/Q6691661
1380,非人家事,,维基数据,http://www.wikidata.org/entity/Q784476
1382,幸福,,维基数据,http://www.wikidata.org/entity/Q1168501
1386,铁男2：血肉横飞,,维基数据,http://www.wikidata.org/entity/Q2057161
1387,秋,,维基数据,http://www.wikidata.org/entity/Q1394424
1388,魔毯,,维基数据,http://www.wikidata.org/entity/Q3288099
1391,永遠的莫札特,,维基数据,http://www.wikidata.org/entity/Q4305151
1392,激情黑寡婦,,维基数据,http://www.wikidata.org/entity/Q820404
1394,碧海奇缘,,维基数据,http://www.wikidata.org/entity/Q481851
1397,名士殉情记,,维基数据,http://www.wikidata.org/entity/Q1164789
1401,蝴蝶君 (电影),,维基数据,http://www.wikidata.org/entity/Q1513195
1406,夜幕低垂,,维基数据,http://www.wikidata.org/entity/Q540361
1407,炮彈專家,,维基数据,http://www.wikidata.org/entity/Q471423
1408,我不笨所以我说说说,,维基数据,http://www.wikidata.org/entity/Q288138
1409,天鵝公主,,维基数据,http://www.wikidata.org/entity/Q1216146
1411,太空英雌巴巴麗娜,,维基数据,http://www.wikidata.org/entity/Q41132
1413,街头霸王,,维基数据,http://www.wikidata.org/entity/Q1138659
1414,冷血者,,维基数据,http://www.wikidata.org/entity/Q1107739
1415,新小子難纏,,维基数据,http://www.wikidata.org/entity/Q289127
1416,捍卫时空战士,,维基数据,http://www.wikidata.org/entity/Q1421228
1418,喜福會,,维基数据,http://www.wikidata.org/entity/Q2296376
1422,天魔无缝,,维基数据,http://www.wikidata.org/entity/Q7650375
1423,极地漫步,,维基数据,http://www.wikidata.org/entity/Q3523261
1424,自力更生,,维基数据,http://www.wikidata.org/entity/Q1273799
1425,全為了你,,维基数据,http://www.wikidata.org/entity/Q853425
1426,芳心之歌,,维基数据,http://www.wikidata.org/entity/Q584662
1427,未曾酒醉已清醒,,维基数据,http://www.wikidata.org/entity/Q3040133
1428,近郊奇情,,维基数据,http://www.wikidata.org/entity/Q2361432
1429,雙面情人,,维基数据,http://www.wikidata.org/entity/Q470624
1430,不義之財,,维基数据,http://www.wikidata.org/entity/Q30641448
1434,射魚,,维基数据,http://www.wikidata.org/entity/Q491185
1435,驚逢敵手,,维基数据,http://www.wikidata.org/entity/Q7605252
1436,伴我情深,,维基数据,http://www.wikidata.org/entity/Q2525108
1438,還我本色,,维基数据,http://www.wikidata.org/entity/Q1172444
1439,杰森戀曲,,维基数据,http://www.wikidata.org/entity/Q1684012
1440,飛越籃板,,维基数据,http://www.wikidata.org/entity/Q2128630
1441,月光和華倫天奴,,维基数据,http://www.wikidata.org/entity/Q509323
1442,红字,,维基数据,http://www.wikidata.org/entity/Q617942
1443,時刻,,维基数据,http://www.wikidata.org/entity/Q580917
1444,蠱惑貓捉賊,,维基数据,http://www.wikidata.org/entity/Q1102396
1445,折翼母親,,维基数据,http://www.wikidata.org/entity/Q2549142
1446,愛在分別時,,维基数据,http://www.wikidata.org/entity/Q1018481
1447,世紀,,维基数据,http://www.wikidata.org/entity/Q4442882
1448,鍾愛一生,,维基数据,http://www.wikidata.org/entity/Q385339
1450,金耳环,,维基数据,http://www.wikidata.org/entity/Q2663133
1451,海外特派员,,维基数据,http://www.wikidata.org/entity/Q848388
1452,滑稽夫人,,维基数据,http://www.wikidata.org/entity/Q3100955
1455,不法之徒,,维基数据,http://www.wikidata.org/entity/Q1521254
1459,蝴蝶夫人,,维基数据,http://www.wikidata.org/entity/Q3275248
1462,夜夜夜賊,,维基数据,http://www.wikidata.org/entity/Q1220064
1463,男孩们,,维基数据,http://www.wikidata.org/entity/Q3231134
1464,星落家園,,维基数据,http://www.wikidata.org/entity/Q340037
1466,瑪格麗特的博物館,,维基数据,http://www.wikidata.org/entity/Q1167668
1467,华盛顿堡垒的圣徒,,维基数据,http://www.wikidata.org/entity/Q1342027
1468,真情世界,,维基数据,http://www.wikidata.org/entity/Q2336805
1469,新湯姆歷險記,,维基数据,http://www.wikidata.org/entity/Q1616185
1471,來自陰陽界,,维基数据,http://www.wikidata.org/entity/Q2364503
1472,时空急转弯,,维基数据,http://www.wikidata.org/entity/Q838013
1473,小公主,,维基数据,http://www.wikidata.org/entity/Q151923
1475,海灘假期,,维基数据,http://www.wikidata.org/entity/Q2716876
1476,原始交易,,维基数据,http://www.wikidata.org/entity/Q844732
1477,看誰在尖叫,,维基数据,http://www.wikidata.org/entity/Q1265650
1478,絕命戰場,,维基数据,http://www.wikidata.org/entity/Q1180839
1479,魯莽,,维基数据,http://www.wikidata.org/entity/Q1962573
1480,新鬼馬神仙車,,维基数据,http://www.wikidata.org/entity/Q1609444
1481,英雄辈出,,维基数据,http://www.wikidata.org/entity/Q227540
1482,天安门,,维基数据,http://www.wikidata.org/entity/Q7735912
1483,铁面人,,维基数据,http://www.wikidata.org/entity/Q1123463
1485,夏倍上校,,维基数据,http://www.wikidata.org/entity/Q1211134
1487,蓝调女牛仔,,维基数据,http://www.wikidata.org/entity/Q1422017
1488,萌芽,,维基数据,http://www.wikidata.org/entity/Q1479633
1489,性感追捕令 (1994年電影),,维基数据,http://www.wikidata.org/entity/Q1068029
1493,浪漫愛人,,维基数据,http://www.wikidata.org/entity/Q4658308
1495,招蜂引蝶,,维基数据,http://www.wikidata.org/entity/Q3269372
1501,山嵐之愛,,维基数据,http://www.wikidata.org/entity/Q764734
1502,碎夢人生,,维基数据,http://www.wikidata.org/entity/Q12126445
1505,殺手日記,,维基数据,http://www.wikidata.org/entity/Q826243
1506,真愛未了情,,维基数据,http://www.wikidata.org/entity/Q1930843
1508,妙龄保母多情汉,,维基数据,http://www.wikidata.org/entity/Q385951
1509,小鬼出招,,维基数据,http://www.wikidata.org/entity/Q290730
1510,子弹边缘,,维基数据,http://www.wikidata.org/entity/Q2016370
1511,共產黨睇真D,,维基数据,http://www.wikidata.org/entity/Q1977021
1512,大树之歌,,维基数据,http://www.wikidata.org/entity/Q622376
1516,結婚禮物,,维基数据,http://www.wikidata.org/entity/Q7998539
1517,IQ跌停板,,维基数据,http://www.wikidata.org/entity/Q746538
1518,生母養母的戰爭,,维基数据,http://www.wikidata.org/entity/Q1217852
1521,紅娘先生,,维基数据,http://www.wikidata.org/entity/Q538909
1522,幕後裁決,,维基数据,http://www.wikidata.org/entity/Q2151912
1523,天生大英雄,,维基数据,http://www.wikidata.org/entity/Q300423
1525,欲擒故縱 (1998年電影),,维基数据,http://www.wikidata.org/entity/Q1545178
1526,灭口大追杀,,维基数据,http://www.wikidata.org/entity/Q488041
1528,玩轉墮落街,,维基数据,http://www.wikidata.org/entity/Q629570
1529,地下社會,,维基数据,http://www.wikidata.org/entity/Q156516
1530,總統的秘密情人,,维基数据,http://www.wikidata.org/entity/Q1643330
1533,我不想说这个,,维基数据,http://www.wikidata.org/entity/Q2364730
1534,雙子鎮,,维基数据,http://www.wikidata.org/entity/Q3400744
1535,美麗的折磨,,维基数据,http://www.wikidata.org/entity/Q1213581
1537,科丝姑娘,,维基数据,http://www.wikidata.org/entity/Q5173917
1538,愛情妳我她,,维基数据,http://www.wikidata.org/entity/Q2713475
1539,跨世奇人,,维基数据,http://www.wikidata.org/entity/Q965085
1540,小貓熊歷險記,,维基数据,http://www.wikidata.org/entity/Q2341110
1542,惩淫紅字,,维基数据,http://www.wikidata.org/entity/Q384408
1543,洛杉矶牛郎,,维基数据,http://www.wikidata.org/entity/Q3183000
1545,愛在星空下,,维基数据,http://www.wikidata.org/entity/Q5491064
1550,淘金夢魘,,维基数据,http://www.wikidata.org/entity/Q2546056
1552,黑色追殺令,,维基数据,http://www.wikidata.org/entity/Q2736281
1554,心之所繫,,维基数据,http://www.wikidata.org/entity/Q1475022
1557,烏龍雙煞,,维基数据,http://www.wikidata.org/entity/Q253260
1561,蒂格雷羅：一部從未完成的電影,,维基数据,http://www.wikidata.org/entity/Q56402929
1562,维希之目,,维基数据,http://www.wikidata.org/entity/Q1169110
1565,达恩斯教士,,维基数据,http://www.wikidata.org/entity/Q1675401
1577,魂斷花園中,,维基数据,http://www.wikidata.org/entity/Q686395
1580,恋愛三昧,,维基数据,http://www.wikidata.org/entity/Q375306
1582,T人,,维基数据,http://www.wikidata.org/entity/Q654474
1584,田園交響曲,,维基数据,http://www.wikidata.org/entity/Q2553634
1585,美国梦,,维基数据,http://www.wikidata.org/entity/Q463994
1587,虎狼當道,,维基数据,http://www.wikidata.org/entity/Q3518734
1589,變態城,,维基数据,http://www.wikidata.org/entity/Q2082586
1593,賓士域迷離殺人事件,,维基数据,http://www.wikidata.org/entity/Q4424397
1594,征服聖母峰,,维基数据,http://www.wikidata.org/entity/Q1749553
1595,極度暴劫,,维基数据,http://www.wikidata.org/entity/Q250995
1596,挑战未来2：星云,,维基数据,http://www.wikidata.org/entity/Q598804
1597,無髮無天,,维基数据,http://www.wikidata.org/entity/Q909098
1598,危险天王,,维基数据,http://www.wikidata.org/entity/Q496113
1600,出殡也疯狂,,维基数据,http://www.wikidata.org/entity/Q2659989
1601,辦公室殺手,,维基数据,http://www.wikidata.org/entity/Q370951
1602,自由的代价,,维基数据,http://www.wikidata.org/entity/Q2896442
1603,天使墜落人間,,维基数据,http://www.wikidata.org/entity/Q4762351
1605,愛的小夜曲,,维基数据,http://www.wikidata.org/entity/Q3491414
1606,說謊遊戲,,维基数据,http://www.wikidata.org/entity/Q1524544
1608,老友猩爷,,维基数据,http://www.wikidata.org/entity/Q4984790
1609,忘年之交,,维基数据,http://www.wikidata.org/entity/Q690167
1610,青春狂燄,,维基数据,http://www.wikidata.org/entity/Q2421666
1614,春閨初戀,,维基数据,http://www.wikidata.org/entity/Q2326899
1615,五行戰士,,维基数据,http://www.wikidata.org/entity/Q3233113
1617,精池塘,,维基数据,http://www.wikidata.org/entity/Q1921451
1618,紐約之王,,维基数据,http://www.wikidata.org/entity/Q775586
1621,蝴蝶之吻,,维基数据,http://www.wikidata.org/entity/Q1018100
1622,花都裸情,,维基数据,http://www.wikidata.org/entity/Q7137159
1624,禁止尖叫,,维基数据,http://www.wikidata.org/entity/Q162759
1625,看誰在尖叫,,维基数据,http://www.wikidata.org/entity/Q1265650
1626,无人爱我,,维基数据,http://www.wikidata.org/entity/Q1738011
1628,联社亚美利加,,维基数据,http://www.wikidata.org/entity/Q1738422
1632,土地与自由,,维基数据,http://www.wikidata.org/entity/Q643805
1635,兩個朋友,,维基数据,http://www.wikidata.org/entity/Q232181
1643,爱要怎么做,,维基数据,http://www.wikidata.org/entity/Q4762078
1648,飛瀑怒潮,,维基数据,http://www.wikidata.org/entity/Q962680
1649,大家伙,,维基数据,http://www.wikidata.org/entity/Q1198825
1651,西班牙囚犯,,维基数据,http://www.wikidata.org/entity/Q163253
1652,風月,,维基数据,http://www.wikidata.org/entity/Q734186
1653,愛情邊緣,,维基数据,http://www.wikidata.org/entity/Q5380432
1654,富贵逼人来,,维基数据,http://www.wikidata.org/entity/Q5068089
1655,初戀情人,,维基数据,http://www.wikidata.org/entity/Q1263003
1656,戀一陣的愛,,维基数据,http://www.wikidata.org/entity/Q6649585
1658,壯志情仇,,维基数据,http://www.wikidata.org/entity/Q1670780
1659,逍遙法外殺錯人,,维基数据,http://www.wikidata.org/entity/Q2048827
1661,迷情枷鎖,,维基数据,http://www.wikidata.org/entity/Q3875171
1662,魔法的力量,,维基数据,http://www.wikidata.org/entity/Q1243183
1663,鎖住的天空,,维基数据,http://www.wikidata.org/entity/Q16999374
1664,一个布袋八个头,,维基数据,http://www.wikidata.org/entity/Q2478733
1665,兄弟之吻,,维基数据,http://www.wikidata.org/entity/Q38463225
1668,婚禮鐘聲藍調,,维基数据,http://www.wikidata.org/entity/Q7979048
1671,進一步的手勢,,维基数据,http://www.wikidata.org/entity/Q12103990
1672,愛慾情狂,,维基数据,http://www.wikidata.org/entity/Q1472478
1673,疊影迷離,,维基数据,http://www.wikidata.org/entity/Q20164381
1674,罗马妈妈,,维基数据,http://www.wikidata.org/entity/Q641668
1675,旭日逃亡,,维基数据,http://www.wikidata.org/entity/Q339388
1676,家中的战争,,维基数据,http://www.wikidata.org/entity/Q1570605
1679,心太狂,,维基数据,http://www.wikidata.org/entity/Q795223
1680,雙面情人,,维基数据,http://www.wikidata.org/entity/Q470624
