epoch,train_loss,train_rmse,train_mae,validation_loss,validation_rmse,validation_mae,validation_r2,learning_rate,epoch_time_seconds,is_best_epoch
1,1.2902511647542318,1.1358922328963394,0.9195555589463976,1.1312865018844604,1.0636195307626441,0.8686738459467888,0.10737115037179457,0.001,4.133359999999811,True
2,1.0861921759711373,1.0422054384674537,0.8383694597880046,0.9597922563552856,0.9796898890055531,0.7818574767112731,0.24268673511435768,0.001,3.9999997000013536,True
3,0.9402135374281142,0.9696460887499697,0.770113513522678,0.9251033067703247,0.9618228927868531,0.7653785932660103,0.27005770025978004,0.001,4.148070799998095,True
4,0.8980249994066026,0.9476418096552107,0.7508139213985867,0.9133903980255127,0.9557145681880787,0.7592715252786875,0.2792996643502885,0.001,3.9658367000010912,True
5,0.8793253690931532,0.9377235035409709,0.7429174488915338,0.906117856502533,0.9519022330024911,0.7572949243038892,0.28503792839453646,0.001,4.137424900000042,True
6,0.8613478906419542,0.9280882989467942,0.7348394067552355,0.9004420638084412,0.9489162636750721,0.7561846928447485,0.2895163430643204,0.001,3.9956945999983873,True
7,0.8484202656216091,0.921097316042995,0.7303812789916992,0.895020604133606,0.9460553138803707,0.7549582094848156,0.2937940521797916,0.001,4.014635900002759,True
8,0.8342736858791775,0.913385836259342,0.7246153772142199,0.8924208879470825,0.9446802964597384,0.7553035846948624,0.2958453906105011,0.001,4.203899700001784,True
9,0.8212615776062012,0.906234835793792,0.7186828746795654,0.8892956376075745,0.9430247342446585,0.7565510432124138,0.29831130475218093,0.001,3.9968509999998787,True
10,0.8097832798428005,0.8998795918581555,0.7134406344095866,0.88875412940979,0.9427375577068747,0.7540020914822817,0.29873860605274727,0.001,4.107554899997922,True
11,0.7980076031155057,0.893312712948554,0.7084998675452339,0.8888082504272461,0.9427662593610331,0.7542885590940714,0.2986959055827638,0.001,4.049644899998384,False
12,0.7883741090562608,0.8879043355318527,0.7033918226030138,0.8914787769317627,0.9441815208129912,0.7546586959064007,0.2965887584019318,0.001,4.15796760000012,False
13,0.7788751089307997,0.8825390126962092,0.6990785687764486,0.8901023268699646,0.943452355555407,0.7509079374372959,0.29767478895316524,0.001,3.9764637000007497,False
14,0.7598421094682482,0.871689227573823,0.6898370912339953,0.8956885933876038,0.946408265822524,0.75302097427845,0.2932670147999914,0.0005,3.9314742000024125,False
15,0.754511959499783,0.868626478700588,0.6869954969618055,0.894520103931427,0.945790702573882,0.7510363408178091,0.29418904799455425,0.0005,4.119761699999799,False
16,0.7492054273817275,0.8655665355024578,0.6841238110860188,0.8961824774742126,0.946669163046236,0.751590912386775,0.2928773096481052,0.0005,3.990861499998573,False
