model,fold,train_rows,validation_rows,rmse,mae,r2,fit_time_seconds,score_time_seconds
random_forest,1,64000,16000,0.9581357804158398,0.7603738974858723,0.2752803004295977,10.656544400000712,0.2917018999996799
random_forest,2,64000,16000,0.945719351307863,0.7529249404261333,0.2886909420403012,13.09964889999901,0.30826230000093346
random_forest,3,64000,16000,0.960859383031238,0.7648786778073411,0.2734805435697504,13.11903220000022,0.3633333000016137
random_forest,4,64000,16000,0.9615750747456833,0.7626246054573749,0.27968341913266315,13.049850800000058,0.35231999999996333
random_forest,5,64000,16000,0.953285594107746,0.757925210386459,0.27696585069203483,13.10579080000025,0.34862489999977697
adaboost,1,64000,16000,1.05928886360493,0.8690268935551567,0.11418146692796527,99.35068260000116,0.8733324000004359
adaboost,2,64000,16000,1.0528055721456777,0.8620818361654845,0.11848412560012667,124.01881820000017,0.72822830000041
adaboost,3,64000,16000,1.0357547208054196,0.8522394147933299,0.15580763270077524,97.92014850000123,0.31332859999929497
adaboost,4,64000,16000,1.0711985229207954,0.8752289591996234,0.10608351257945814,59.870873500000016,0.3386776000006648
adaboost,5,64000,16000,1.0215995672941622,0.8370069618881748,0.1696252203739158,38.42053429999942,0.3134138000004896
xgboost,1,64000,16000,0.9711093358627947,0.7704130423292518,0.2555214182719632,1.492040500001167,0.14153150000129244
xgboost,2,64000,16000,0.9634034019596102,0.7654677713140845,0.26184062663420893,1.224050900000293,0.1442188000000897
xgboost,3,64000,16000,0.9761217045910436,0.7774414482414722,0.2502171237535472,1.2477135000008275,0.13041279999924882
xgboost,4,64000,16000,0.9738860830585153,0.774192512601614,0.2611209774708573,1.2543259000012768,0.13225520000014512
xgboost,5,64000,16000,0.9673430121368354,0.7693581755831838,0.25548449420423913,1.2248493999995844,0.17651429999932589
