model,feature,feature_group,importance,normalized_importance,rank
random_forest,movie_smoothed_mean,训练集统计,0.33431025673822845,0.33431025673822845,1
random_forest,user_smoothed_mean,训练集统计,0.3061075216787223,0.3061075216787223,2
random_forest,movie_rating_count_log,训练集统计,0.0556778953097375,0.0556778953097375,3
random_forest,user_movie_mean_difference,训练集统计,0.0495175586037342,0.0495175586037342,4
random_forest,user_rating_count_log,训练集统计,0.040389121354309554,0.040389121354309554,5
random_forest,user_age,用户属性,0.03243466246213866,0.03243466246213866,6
random_forest,rating_hour,时间,0.025211691759652894,0.025211691759652894,7
random_forest,release_year,时间,0.01933018141507242,0.01933018141507242,8
random_forest,movie_age_at_rating,时间,0.017461613860555867,0.017461613860555867,9
random_forest,rating_day_of_week,时间,0.01608981904661718,0.01608981904661718,10
random_forest,rating_month,时间,0.015617364693055025,0.015617364693055025,11
random_forest,genre=Comedy,电影类型,0.0047420537379661305,0.0047420537379661305,12
random_forest,genre=Drama,电影类型,0.004713215377893251,0.004713215377893251,13
random_forest,genre=Romance,电影类型,0.004708436115477481,0.004708436115477481,14
random_forest,gender=F,用户属性,0.00394272763368468,0.00394272763368468,15
random_forest,genre=Action,电影类型,0.003938638561376821,0.003938638561376821,16
random_forest,gender=M,用户属性,0.0037627229467697247,0.0037627229467697247,17
random_forest,genre=Thriller,电影类型,0.0036186142528408793,0.0036186142528408793,18
random_forest,occupation=student,用户属性,0.0035444807746153753,0.0035444807746153753,19
random_forest,occupation=other,用户属性,0.003505567601517502,0.003505567601517502,20
random_forest,genre=Sci-Fi,电影类型,0.0032918919494585998,0.0032918919494585998,21
random_forest,genre=Adventure,电影类型,0.0031501135598189832,0.0031501135598189832,22
random_forest,genre=Crime,电影类型,0.002994896875383488,0.002994896875383488,23
random_forest,rating_year,时间,0.0029137814982358175,0.0029137814982358175,24
random_forest,genre=War,电影类型,0.00279227438300659,0.00279227438300659,25
random_forest,occupation=educator,用户属性,0.0027578736813971584,0.0027578736813971584,26
random_forest,occupation=writer,用户属性,0.0026172359366818583,0.0026172359366818583,27
random_forest,occupation=programmer,用户属性,0.002481508942170272,0.002481508942170272,28
random_forest,genre=Children's,电影类型,0.002373531605715586,0.002373531605715586,29
random_forest,occupation=engineer,用户属性,0.002138640836801896,0.002138640836801896,30
random_forest,occupation=administrator,用户属性,0.002096555050461229,0.002096555050461229,31
random_forest,genre=Horror,电影类型,0.0020206657496880127,0.0020206657496880127,32
random_forest,occupation=librarian,用户属性,0.0017643993930658486,0.0017643993930658486,33
random_forest,occupation=executive,用户属性,0.0017643870130876662,0.0017643870130876662,34
random_forest,genre=Mystery,电影类型,0.0015961758660170628,0.0015961758660170628,35
random_forest,occupation=artist,用户属性,0.0015096224598472533,0.0015096224598472533,36
random_forest,occupation=entertainment,用户属性,0.0013913620414093494,0.0013913620414093494,37
random_forest,genre=Musical,电影类型,0.0013510420403894286,0.0013510420403894286,38
random_forest,occupation=healthcare,用户属性,0.0012928485293043353,0.0012928485293043353,39
random_forest,occupation=technician,用户属性,0.0012582875390024977,0.0012582875390024977,40
random_forest,genre=Animation,电影类型,0.0010660469157397602,0.0010660469157397602,41
random_forest,occupation=marketing,用户属性,0.000858908225990379,0.000858908225990379,42
random_forest,occupation=none,用户属性,0.0008541450583240728,0.0008541450583240728,43
random_forest,occupation=scientist,用户属性,0.0008073079785723402,0.0008073079785723402,44
random_forest,genre=Fantasy,电影类型,0.0007415744236904541,0.0007415744236904541,45
random_forest,occupation=lawyer,用户属性,0.0007069939994135393,0.0007069939994135393,46
random_forest,genre=Western,电影类型,0.0006588495946137369,0.0006588495946137369,47
random_forest,occupation=salesman,用户属性,0.000535897330065284,0.000535897330065284,48
random_forest,genre=Documentary,电影类型,0.000490134601348837,0.000490134601348837,49
random_forest,genre=Film-Noir,电影类型,0.0003927808174421515,0.0003927808174421515,50
random_forest,occupation=retired,用户属性,0.00029306972529263256,0.00029306972529263256,51
random_forest,occupation=homemaker,用户属性,0.00023222849833223026,0.00023222849833223026,52
random_forest,occupation=doctor,用户属性,0.00018007826859018738,0.00018007826859018738,53
random_forest,genre=unknown,电影类型,7.456876758420077e-07,7.456876758420077e-07,54
adaboost,movie_smoothed_mean,训练集统计,0.4039315441955789,0.40393154419557903,1
adaboost,user_smoothed_mean,训练集统计,0.32135286765861265,0.3213528676586127,2
adaboost,movie_rating_count_log,训练集统计,0.05175080742135203,0.051750807421352046,3
adaboost,user_rating_count_log,训练集统计,0.051590601437777966,0.05159060143777798,4
adaboost,release_year,时间,0.02821073106131198,0.028210731061311986,5
adaboost,user_age,用户属性,0.026608709732249602,0.02660870973224961,6
adaboost,user_movie_mean_difference,训练集统计,0.015193168048149741,0.015193168048149745,7
adaboost,rating_hour,时间,0.014369991783721071,0.014369991783721075,8
adaboost,movie_age_at_rating,时间,0.008857925229914458,0.00885792522991446,9
adaboost,rating_day_of_week,时间,0.00869675467042033,0.008696754670420331,10
adaboost,rating_month,时间,0.0077215656566254585,0.00772156565662546,11
adaboost,gender=M,用户属性,0.003913301035631342,0.003913301035631343,12
adaboost,gender=F,用户属性,0.0033963780696367987,0.0033963780696367996,13
adaboost,occupation=educator,用户属性,0.003292023339102989,0.00329202333910299,14
adaboost,occupation=artist,用户属性,0.002964323183336222,0.002964323183336223,15
adaboost,genre=Drama,电影类型,0.0029389285687425044,0.0029389285687425053,16
adaboost,genre=Sci-Fi,电影类型,0.00291966042754358,0.0029196604275435805,17
adaboost,genre=Adventure,电影类型,0.0028210801403076033,0.0028210801403076038,18
adaboost,genre=Crime,电影类型,0.002610796809667942,0.0026107968096679424,19
adaboost,genre=Musical,电影类型,0.0023217923042912337,0.002321792304291234,20
adaboost,occupation=entertainment,用户属性,0.0019822509334840766,0.001982250933484077,21
adaboost,genre=Comedy,电影类型,0.001946392295206925,0.0019463922952069254,22
adaboost,occupation=engineer,用户属性,0.0019425928365482546,0.001942592836548255,23
adaboost,genre=Action,电影类型,0.0019111503746400509,0.0019111503746400513,24
adaboost,occupation=technician,用户属性,0.0018127682553515064,0.0018127682553515068,25
adaboost,occupation=librarian,用户属性,0.0016929105030675312,0.0016929105030675316,26
adaboost,occupation=other,用户属性,0.0016000328687882342,0.0016000328687882346,27
adaboost,occupation=healthcare,用户属性,0.0014446182347741092,0.0014446182347741094,28
adaboost,occupation=executive,用户属性,0.001428956302948619,0.0014289563029486192,29
adaboost,genre=Thriller,电影类型,0.0013397920604752609,0.001339792060475261,30
adaboost,genre=War,电影类型,0.0013176495547635035,0.0013176495547635037,31
adaboost,occupation=marketing,用户属性,0.0012944153243464724,0.0012944153243464726,32
adaboost,occupation=student,用户属性,0.0012864958151160915,0.0012864958151160917,33
adaboost,occupation=writer,用户属性,0.0012633117611191417,0.001263311761119142,34
adaboost,genre=Film-Noir,电影类型,0.0012617821485426716,0.0012617821485426718,35
adaboost,genre=Romance,电影类型,0.0012425883210283343,0.0012425883210283345,36
adaboost,genre=Mystery,电影类型,0.0010594233870413834,0.0010594233870413836,37
adaboost,genre=Children's,电影类型,0.0010377712435043285,0.0010377712435043287,38
adaboost,occupation=programmer,用户属性,0.0009489468427294248,0.000948946842729425,39
adaboost,rating_year,时间,0.0009226640257689367,0.0009226640257689369,40
adaboost,occupation=none,用户属性,0.0008819556690659979,0.0008819556690659982,41
adaboost,genre=Fantasy,电影类型,0.0008739426555752967,0.0008739426555752969,42
adaboost,occupation=administrator,用户属性,0.0008444222447326035,0.0008444222447326037,43
adaboost,occupation=salesman,用户属性,0.0007857389094276667,0.0007857389094276669,44
adaboost,occupation=scientist,用户属性,0.000640835067678886,0.0006408350676788861,45
adaboost,genre=Horror,电影类型,0.0005800937849679249,0.000580093784967925,46
adaboost,genre=Western,电影类型,0.0005461013155702651,0.0005461013155702652,47
adaboost,genre=Documentary,电影类型,0.00021664432779531522,0.00021664432779531527,48
adaboost,genre=Animation,电影类型,0.00016724189168058426,0.0001672418916805843,49
adaboost,occupation=lawyer,用户属性,0.00015562677485955666,0.0001556267748595567,50
adaboost,occupation=retired,用户属性,8.940140851735278e-05,8.940140851735279e-05,51
adaboost,occupation=doctor,用户属性,1.853208690910823e-05,1.8532086909108235e-05,52
adaboost,occupation=homemaker,用户属性,0.0,0.0,53
adaboost,genre=unknown,电影类型,0.0,0.0,54
xgboost,movie_smoothed_mean,训练集统计,0.05670861899852753,0.056708623118021155,1
xgboost,user_smoothed_mean,训练集统计,0.04194192215800285,0.04194192520479687,2
xgboost,occupation=other,用户属性,0.03148137778043747,0.031481380067344425,3
xgboost,occupation=writer,用户属性,0.02898571453988552,0.028985716645499596,4
xgboost,occupation=engineer,用户属性,0.02783072181046009,0.027830723832171837,5
xgboost,occupation=educator,用户属性,0.025449097156524658,0.02544909900522765,6
xgboost,user_movie_mean_difference,训练集统计,0.025127606466412544,0.025127608291761434,7
xgboost,movie_rating_count_log,训练集统计,0.023669062182307243,0.02366906390170286,8
xgboost,user_rating_count_log,训练集统计,0.02317398600280285,0.023173987686234562,9
xgboost,gender=M,用户属性,0.022888077422976494,0.022888079085638904,10
xgboost,genre=War,电影类型,0.022117648273706436,0.022117649880402435,11
xgboost,genre=Sci-Fi,电影类型,0.021130140870809555,0.021130142405769888,12
xgboost,occupation=healthcare,用户属性,0.020595666021108627,0.020595667517243014,13
xgboost,occupation=executive,用户属性,0.020290978252887726,0.02029097972688863,14
xgboost,occupation=technician,用户属性,0.020276037976145744,0.02027603944906134,15
xgboost,user_age,用户属性,0.020198378711938858,0.02019838017921304,16
xgboost,occupation=librarian,用户属性,0.019882218912243843,0.019882220356551173,17
xgboost,occupation=student,用户属性,0.019704299047589302,0.01970430047897197,18
xgboost,genre=Comedy,电影类型,0.019457144662737846,0.01945714607616644,19
xgboost,gender=F,用户属性,0.018593253567814827,0.018593254918487633,20
xgboost,occupation=none,用户属性,0.018477024510502815,0.018477025852732375,21
xgboost,genre=Animation,电影类型,0.018452534452080727,0.01845253579253125,22
xgboost,genre=Adventure,电影类型,0.018344782292842865,0.018344783625465932,23
xgboost,occupation=administrator,用户属性,0.018293162807822227,0.018293164136695492,24
xgboost,occupation=entertainment,用户属性,0.018031053245067596,0.01803105455490039,25
xgboost,genre=Fantasy,电影类型,0.01761362887918949,0.01761363015869926,26
xgboost,occupation=programmer,用户属性,0.017524540424346924,0.017524541697385026,27
xgboost,genre=Action,电影类型,0.01752079837024212,0.017520799643008386,28
xgboost,rating_year,时间,0.016880592331290245,0.01688059355754992,29
xgboost,genre=Romance,电影类型,0.01662253402173519,0.01662253522924869,30
xgboost,genre=Mystery,电影类型,0.01661539450287819,0.01661539570987305,31
xgboost,genre=Crime,电影类型,0.016245653852820396,0.01624565503295613,32
xgboost,occupation=marketing,用户属性,0.016145246103405952,0.01614524727624775,33
xgboost,occupation=scientist,用户属性,0.015675971284508705,0.01567597242326089,34
xgboost,rating_hour,时间,0.015655385330319405,0.015655386467576162,35
xgboost,release_year,时间,0.015427264384925365,0.015427265505610695,36
xgboost,occupation=homemaker,用户属性,0.014976034872233868,0.014976035960140457,37
xgboost,occupation=retired,用户属性,0.014812436886131763,0.014812437962154076,38
xgboost,occupation=artist,用户属性,0.014663410373032093,0.014663411438228649,39
xgboost,genre=Children's,电影类型,0.014650627039372921,0.014650628103640855,40
xgboost,genre=Thriller,电影类型,0.014368637464940548,0.014368638508723866,41
xgboost,genre=Drama,电影类型,0.014356818050146103,0.014356819093070822,42
xgboost,rating_month,时间,0.013900121673941612,0.01390012268369046,43
xgboost,occupation=salesman,用户属性,0.013070479035377502,0.013070479984858482,44
xgboost,rating_day_of_week,时间,0.012735337018966675,0.012735337944101878,45
xgboost,movie_age_at_rating,时间,0.012638721615076065,0.012638722533192818,46
xgboost,genre=Horror,电影类型,0.012593286111950874,0.012593287026767049,47
xgboost,genre=Musical,电影类型,0.012076960876584053,0.012076961753892728,48
xgboost,occupation=lawyer,用户属性,0.012002273462712765,0.01200227433459591,49
xgboost,genre=Western,电影类型,0.011933737434446812,0.011933738301351282,50
xgboost,occupation=doctor,用户属性,0.009854448959231377,0.00985444967508975,51
xgboost,genre=Documentary,电影类型,0.009534331038594246,0.00953433173119824,52
xgboost,genre=Film-Noir,电影类型,0.008804747834801674,0.008804748474406434,53
xgboost,genre=unknown,电影类型,0.0,0.0,54
