actual_rating,model,sample_count,mean_prediction,mean_error,rmse,mae
1,global_mean,1222,3.5298625,2.5298625,2.5298625,2.5298625
2,global_mean,2274,3.5298625,1.5298625000000001,1.5298625000000003,1.5298625000000001
3,global_mean,5429,3.5298625000000006,0.5298625000000001,0.5298625000000001,0.5298625000000001
4,global_mean,6835,3.5298625,-0.4701374999999999,0.4701374999999999,0.4701374999999999
5,global_mean,4240,3.5298625000000006,-1.4701374999999999,1.4701374999999999,1.4701374999999999
1,random_forest,1222,2.863241910039047,1.863241910039047,1.9697608381080676,1.863241910039047
2,random_forest,2274,3.1263034915049297,1.1263034915049297,1.2378969991911692,1.130224415847569
3,random_forest,5429,3.376719983709642,0.3767199837096419,0.6014758061282515,0.4942287056548435
4,random_forest,6835,3.639928455486281,-0.36007154451371914,0.5609646558598871,0.4274743577159792
5,random_forest,4240,3.8837784441273078,-1.116221555872692,1.1873155598001892,1.116221555872692
1,adaboost,1222,2.893290664629723,1.8932906646297232,1.9197162002918609,1.8932906646297232
2,adaboost,2274,3.0226676985929113,1.022667698592911,1.0469570888325466,1.022667698592911
3,adaboost,5429,3.133511568341959,0.1335115683419596,0.2676854649704249,0.186507962094883
4,adaboost,6835,3.2624055376294523,-0.7375944623705473,0.7852052354681227,0.7437603432788857
5,adaboost,4240,3.422643172999156,-1.5773568270008433,1.610598707221064,1.5773568270008433
1,xgboost,1222,2.970490738237353,1.9704907382373529,2.060172499872046,1.9704907382373529
2,xgboost,2274,3.173072310058087,1.173072310058087,1.2828941750576777,1.176210560658152
3,xgboost,5429,3.414815976027297,0.4148159760272971,0.6290188524487152,0.5191254200560323
4,xgboost,6835,3.6695219587564645,-0.33047804124353575,0.554394265356877,0.43680325119532015
5,xgboost,4240,3.9320150458868945,-1.0679849541131055,1.154628798957524,1.0679849541131055
1,mlp,1222,2.6741894261047463,1.6741894261047465,1.861182320346628,1.6741894261047465
2,mlp,2274,3.026086689270009,1.026086689270009,1.2223676971340465,1.0582142847845208
3,mlp,5429,3.374732550506539,0.374732550506539,0.6705191381563459,0.5565141375391417
4,mlp,6835,3.7119776814776886,-0.28802231852231164,0.5761795861714135,0.4447083936942209
5,mlp,4240,4.020450993773585,-0.9795490062264152,1.0772862566575991,0.9795490062264152
