model,model_family,importance_method,feature_group,raw_importance,normalized_importance,rank,evaluation_data
adaboost,ensemble,native_tree_split_importance,训练集统计,0.8438189887614733,0.8438189887614733,1,完整80000条训练集拟合后的模型
adaboost,ensemble,native_tree_split_importance,时间,0.06877963242776207,0.06877963242776207,2,完整80000条训练集拟合后的模型
adaboost,ensemble,native_tree_split_importance,用户属性,0.060288547199420714,0.060288547199420714,3,完整80000条训练集拟合后的模型
adaboost,ensemble,native_tree_split_importance,电影类型,0.02711283161134397,0.02711283161134397,4,完整80000条训练集拟合后的模型
random_forest,ensemble,native_tree_split_importance,训练集统计,0.7860023536847338,0.7860023536847338,1,完整80000条训练集拟合后的模型
random_forest,ensemble,native_tree_split_importance,时间,0.09662445227318915,0.09662445227318915,2,完整80000条训练集拟合后的模型
random_forest,ensemble,native_tree_split_importance,用户属性,0.07273151192653479,0.07273151192653479,3,完整80000条训练集拟合后的模型
random_forest,ensemble,native_tree_split_importance,电影类型,0.044641682115542154,0.044641682115542154,4,完整80000条训练集拟合后的模型
xgboost,ensemble,native_tree_split_importance,用户属性,0.4597019365585885,0.4597019365585885,1,完整80000条训练集拟合后的模型
xgboost,ensemble,native_tree_split_importance,电影类型,0.2824394265471725,0.2824394265471725,2,完整80000条训练集拟合后的模型
xgboost,ensemble,native_tree_split_importance,训练集统计,0.17062120820251708,0.17062120820251708,3,完整80000条训练集拟合后的模型
xgboost,ensemble,native_tree_split_importance,时间,0.08723742869172188,0.08723742869172188,4,完整80000条训练集拟合后的模型
mlp,neural_network,grouped_permutation_rmse_increase,movie_embedding,0.16072796612628443,0.41746733250666657,1,固定内部验证集8000条
mlp,neural_network,grouped_permutation_rmse_increase,user_embedding,0.16070539826306623,0.41740871578995487,2,固定内部验证集8000条
mlp,neural_network,grouped_permutation_rmse_increase,genres,0.029720697653733374,0.07719515569551019,3,固定内部验证集8000条
mlp,neural_network,grouped_permutation_rmse_increase,release_year,0.013840668118752786,0.0359491066732343,4,固定内部验证集8000条
mlp,neural_network,grouped_permutation_rmse_increase,movie_age_at_rating,0.012058900335480072,0.0313212260277171,5,固定内部验证集8000条
mlp,neural_network,grouped_permutation_rmse_increase,age,0.002173545333575044,0.005645465405671544,6,固定内部验证集8000条
mlp,neural_network,grouped_permutation_rmse_increase,rating_day_of_week_cycle,0.0015449560652770144,0.004012796919886592,7,固定内部验证集8000条
mlp,neural_network,grouped_permutation_rmse_increase,rating_month_cycle,0.001506696062284607,0.00391342217026531,8,固定内部验证集8000条
mlp,neural_network,grouped_permutation_rmse_increase,rating_year,0.0014418580522341574,0.003745014943115217,9,固定内部验证集8000条
mlp,neural_network,grouped_permutation_rmse_increase,occupation_embedding,0.0006333834489991918,0.0016451206674251808,10,固定内部验证集8000条
mlp,neural_network,grouped_permutation_rmse_increase,rating_hour_cycle,0.0006201017948524012,0.0016106235176038465,11,固定内部验证集8000条
mlp,neural_network,grouped_permutation_rmse_increase,gender_embedding,3.311820497253759e-05,8.601968294945848e-05,12,固定内部验证集8000条
