feature_group,baseline_rmse,rmse_increase_mean,rmse_increase_std,rmse_increase_min,rmse_increase_max,positive_normalized_importance,rank
movie_embedding,0.9427375577068747,0.16072796612628443,0.004745535952769201,0.15383966973645224,0.16819166313829925,0.41746733250666657,1
user_embedding,0.9427375577068747,0.16070539826306623,0.005041206615365391,0.1541095648810874,0.16909746969140615,0.41740871578995487,2
genres,0.9427375577068747,0.029720697653733374,0.002119930142242821,0.024440210617421854,0.03172270644104869,0.07719515569551019,3
release_year,0.9427375577068747,0.013840668118752786,0.0012937759645025256,0.011472047336802627,0.016350406757914104,0.0359491066732343,4
movie_age_at_rating,0.9427375577068747,0.012058900335480072,0.0013599003415924473,0.009390426992680223,0.01359947655459981,0.0313212260277171,5
age,0.9427375577068747,0.002173545333575044,0.000606728058478831,0.0008109824271664845,0.0031015384770319843,0.005645465405671544,6
rating_day_of_week_cycle,0.9427375577068747,0.0015449560652770144,0.00048049409723515296,0.0007887978994584044,0.002066435098255659,0.004012796919886592,7
rating_month_cycle,0.9427375577068747,0.001506696062284607,0.0005511857373718419,0.0006226207462730615,0.0024296446516584025,0.00391342217026531,8
rating_year,0.9427375577068747,0.0014418580522341574,0.0006334574451477077,0.0001920695598186528,0.0025739871188749097,0.003745014943115217,9
occupation_embedding,0.9427375577068747,0.0006333834489991918,0.0002739095131691027,0.00015598551247320014,0.001135751801892626,0.0016451206674251808,10
rating_hour_cycle,0.9427375577068747,0.0006201017948524012,0.0006509427985517856,-0.00043656647734302556,0.0016062590020015088,0.0016106235176038465,11
gender_embedding,0.9427375577068747,3.311820497253759e-05,5.2495258661438905e-05,-5.328014171590567e-05,9.467667015017334e-05,8.601968294945848e-05,12
