feature_group,repeat,permuted_rmse,rmse_increase,random_seed,evaluation_rows
user_embedding,1,1.0968471225879621,0.1541095648810874,42,8000
user_embedding,2,1.102530772110744,0.1597932144038693,42,8000
user_embedding,3,1.0987001938206813,0.15596263611380656,42,8000
user_embedding,4,1.1055574998747808,0.16281994216790607,42,8000
user_embedding,5,1.1067150817442997,0.16397752403742494,42,8000
user_embedding,6,1.0975619567638049,0.15482439905693013,42,8000
user_embedding,7,1.101683873061265,0.1589463153543903,42,8000
user_embedding,8,1.1096556353223905,0.1669180776155158,42,8000
user_embedding,9,1.1033423970152005,0.1606048393083258,42,8000
user_embedding,10,1.1118350273982809,0.16909746969140615,42,8000
movie_embedding,1,1.1063618569679083,0.1636242992610336,42,8000
movie_embedding,2,1.0994785932427016,0.15674103553582686,42,8000
movie_embedding,3,1.1084712321698553,0.1657336744629806,42,8000
movie_embedding,4,1.1034582232422605,0.16072066553538578,42,8000
movie_embedding,5,1.0972122232155548,0.15447466550868005,42,8000
movie_embedding,6,1.1061758289973476,0.16343827129047284,42,8000
movie_embedding,7,1.096577227443327,0.15383966973645224,42,8000
movie_embedding,8,1.1042784880827974,0.16154093037592265,42,8000
movie_embedding,9,1.110929220845174,0.16819166313829925,42,8000
movie_embedding,10,1.1017123441246652,0.1589747864177905,42,8000
gender_embedding,1,0.9427072970087522,-3.0260698122508423e-05,42,8000
gender_embedding,2,0.9428322343770249,9.467667015017334e-05,42,8000
gender_embedding,3,0.9427760978186207,3.854011174597716e-05,42,8000
gender_embedding,4,0.9428306213511471,9.306364427241753e-05,42,8000
gender_embedding,5,0.9426842775651588,-5.328014171590567e-05,42,8000
gender_embedding,6,0.9428216956305023,8.413792362760297e-05,42,8000
gender_embedding,7,0.942750949598051,1.339189117621764e-05,42,8000
gender_embedding,8,0.9428117699999553,7.421229308057775e-05,42,8000
gender_embedding,9,0.9427456442571541,8.086550279395865e-06,42,8000
gender_embedding,10,0.9427461715121062,8.61380523142774e-06,42,8000
occupation_embedding,1,0.9438733095087674,0.001135751801892626,42,8000
occupation_embedding,2,0.9428935432193479,0.00015598551247320014,42,8000
occupation_embedding,3,0.9434480522337413,0.0007104945268665563,42,8000
occupation_embedding,4,0.9434337157424929,0.0006961580356181774,42,8000
occupation_embedding,5,0.9436063799733774,0.0008688222665026446,42,8000
occupation_embedding,6,0.9435300711563755,0.0007925134495008201,42,8000
occupation_embedding,7,0.9433509812419048,0.0006134235350300221,42,8000
occupation_embedding,8,0.9431879943130519,0.0004504366061771625,42,8000
occupation_embedding,9,0.9431339711758254,0.00039641346895069596,42,8000
occupation_embedding,10,0.9432513929938547,0.0005138352869800134,42,8000
age,1,0.9447831094370736,0.0020455517301988246,42,8000
age,2,0.9451146291755675,0.002377071468692815,42,8000
age,3,0.9458390961839067,0.0031015384770319843,42,8000
age,4,0.9452222443909986,0.002484686684123827,42,8000
age,5,0.944797381525808,0.0020598238189333262,42,8000
age,6,0.9450162709902014,0.0022787132833266277,42,8000
age,7,0.9444568691337804,0.001719311426905623,42,8000
age,8,0.9435485401340412,0.0008109824271664845,42,8000
age,9,0.9453664287514855,0.0026288710446107366,42,8000
age,10,0.9449664606816349,0.002228902974760194,42,8000
release_year,1,0.9566127351785083,0.013875177471633582,42,8000
release_year,2,0.9575637795953567,0.014826221888481927,42,8000
release_year,3,0.9559274652447061,0.013189907537831336,42,8000
release_year,4,0.9574376157803013,0.014700058073426558,42,8000
release_year,5,0.9542096050436774,0.011472047336802627,42,8000
release_year,6,0.9556170444947765,0.01287948678790174,42,8000
release_year,7,0.9590879644647888,0.016350406757914104,42,8000
release_year,8,0.9564768104748332,0.01373925276795851,42,8000
release_year,9,0.9565654406334765,0.013827882926601753,42,8000
release_year,10,0.9562837973458505,0.013546239638975721,42,8000
rating_year,1,0.9437046932148572,0.0009671355079824417,42,8000
rating_year,2,0.9445701286509764,0.001832570944101719,42,8000
rating_year,3,0.9443396968854625,0.0016021391785877581,42,8000
rating_year,4,0.9429296272666934,0.0001920695598186528,42,8000
rating_year,5,0.9441610376957992,0.0014234799889244476,42,8000
rating_year,6,0.9444744219943968,0.0017368642875220663,42,8000
rating_year,7,0.9439521464145152,0.0012145887076404627,42,8000
rating_year,8,0.9438400425888644,0.0011024848819897182,42,8000
rating_year,9,0.9445108180537741,0.0017732603468993968,42,8000
rating_year,10,0.9453115448257496,0.0025739871188749097,42,8000
movie_age_at_rating,1,0.9529290630935393,0.010191505386664579,42,8000
movie_age_at_rating,2,0.955619553809721,0.012881996102846238,42,8000
movie_age_at_rating,3,0.9552026951535092,0.012465137446634467,42,8000
movie_age_at_rating,4,0.952127984699555,0.009390426992680223,42,8000
movie_age_at_rating,5,0.9563370342614745,0.01359947655459981,42,8000
movie_age_at_rating,6,0.9545906563036599,0.011853098596785183,42,8000
movie_age_at_rating,7,0.9557893552010315,0.013051797494156747,42,8000
movie_age_at_rating,8,0.954811206931922,0.012073649225047278,42,8000
movie_age_at_rating,9,0.9560930646996354,0.013355506992760668,42,8000
movie_age_at_rating,10,0.9544639662695003,0.011726408562625523,42,8000
rating_month_cycle,1,0.9442850441188156,0.0015474864119409126,42,8000
rating_month_cycle,2,0.9433601784531478,0.0006226207462730615,42,8000
rating_month_cycle,3,0.9447553595331217,0.002017801826247001,42,8000
rating_month_cycle,4,0.9441439602799672,0.0014064025730924357,42,8000
rating_month_cycle,5,0.94345063932301,0.0007130816161352582,42,8000
rating_month_cycle,6,0.9440700570009412,0.0013324992940664249,42,8000
rating_month_cycle,7,0.9444605036276131,0.0017229459207384057,42,8000
rating_month_cycle,8,0.9441663963548939,0.0014288386480191262,42,8000
rating_month_cycle,9,0.9445831966415498,0.0018456389346750424,42,8000
rating_month_cycle,10,0.9451672023585331,0.0024296446516584025,42,8000
rating_day_of_week_cycle,1,0.9443546661234858,0.0016171084166111127,42,8000
rating_day_of_week_cycle,2,0.9446661166997637,0.0019285589928890179,42,8000
rating_day_of_week_cycle,3,0.9447119763601558,0.0019744186532810737,42,8000
rating_day_of_week_cycle,4,0.9448039928051304,0.002066435098255659,42,8000
rating_day_of_week_cycle,5,0.9442944406857208,0.0015568829788460414,42,8000
rating_day_of_week_cycle,6,0.9436270960867875,0.0008895383799127909,42,8000
rating_day_of_week_cycle,7,0.943766877889236,0.0010293201823612375,42,8000
rating_day_of_week_cycle,8,0.9443464993411987,0.0016089416343240126,42,8000
rating_day_of_week_cycle,9,0.9435263556063331,0.0007887978994584044,42,8000
rating_day_of_week_cycle,10,0.9447271161237055,0.0019895584168307945,42,8000
rating_hour_cycle,1,0.9436718556242746,0.0009342979173998511,42,8000
rating_hour_cycle,2,0.9435474521807955,0.0008098944739207692,42,8000
rating_hour_cycle,3,0.9430689314935357,0.00033137378666092676,42,8000
rating_hour_cycle,4,0.9436473135136442,0.0009097558067694411,42,8000
rating_hour_cycle,5,0.9423992126865444,-0.0003383450203303662,42,8000
rating_hour_cycle,6,0.9443438167088762,0.0016062590020015088,42,8000
rating_hour_cycle,7,0.9435893164227193,0.0008517587158445306,42,8000
rating_hour_cycle,8,0.9423009912295317,-0.00043656647734302556,42,8000
rating_hour_cycle,9,0.9439552122115306,0.0012176545046558296,42,8000
rating_hour_cycle,10,0.9430524929458193,0.000314935238944547,42,8000
genres,1,0.9739935591737405,0.0312560014668658,42,8000
genres,2,0.9732417880930392,0.030504230386164455,42,8000
genres,3,0.9713540692700707,0.028616511563196,42,8000
genres,4,0.9736228634022553,0.030885305695380616,42,8000
genres,5,0.9720578237062079,0.02932026599933313,42,8000
genres,6,0.9716997506505975,0.02896219294372282,42,8000
genres,7,0.9732088972622246,0.030471339555349863,42,8000
genres,8,0.9737657695757252,0.03102821186885052,42,8000
genres,9,0.9744602641479234,0.03172270644104869,42,8000
genres,10,0.9671777683242966,0.024440210617421854,42,8000
