segment_type,segment_value,model,sample_count,rmse,mae,r2,mean_error,r2_note
actual_rating,1,global_mean,1222,2.5298625,2.5298625,,2.5298625,样本不足或真实评分无方差
actual_rating,1,random_forest,1222,1.9697608381080676,1.863241910039047,,1.863241910039047,样本不足或真实评分无方差
actual_rating,1,adaboost,1222,1.9197162002918609,1.8932906646297232,,1.8932906646297232,样本不足或真实评分无方差
actual_rating,1,xgboost,1222,2.060172499872046,1.9704907382373529,,1.9704907382373529,样本不足或真实评分无方差
actual_rating,1,mlp,1222,1.861182320346628,1.6741894261047465,,1.6741894261047465,样本不足或真实评分无方差
actual_rating,2,global_mean,2274,1.5298625000000003,1.5298625000000001,,1.5298625000000001,样本不足或真实评分无方差
actual_rating,2,random_forest,2274,1.2378969991911692,1.130224415847569,,1.1263034915049297,样本不足或真实评分无方差
actual_rating,2,adaboost,2274,1.0469570888325466,1.022667698592911,,1.022667698592911,样本不足或真实评分无方差
actual_rating,2,xgboost,2274,1.2828941750576777,1.176210560658152,,1.173072310058087,样本不足或真实评分无方差
actual_rating,2,mlp,2274,1.2223676971340465,1.0582142847845208,,1.026086689270009,样本不足或真实评分无方差
actual_rating,3,global_mean,5429,0.5298625000000001,0.5298625000000001,,0.5298625000000001,样本不足或真实评分无方差
actual_rating,3,random_forest,5429,0.6014758061282515,0.4942287056548435,,0.3767199837096419,样本不足或真实评分无方差
actual_rating,3,adaboost,5429,0.2676854649704249,0.186507962094883,,0.1335115683419596,样本不足或真实评分无方差
actual_rating,3,xgboost,5429,0.6290188524487152,0.5191254200560323,,0.4148159760272971,样本不足或真实评分无方差
actual_rating,3,mlp,5429,0.6705191381563459,0.5565141375391417,,0.374732550506539,样本不足或真实评分无方差
actual_rating,4,global_mean,6835,0.4701374999999999,0.4701374999999999,,-0.4701374999999999,样本不足或真实评分无方差
actual_rating,4,random_forest,6835,0.5609646558598871,0.4274743577159792,,-0.36007154451371914,样本不足或真实评分无方差
actual_rating,4,adaboost,6835,0.7852052354681227,0.7437603432788857,,-0.7375944623705473,样本不足或真实评分无方差
actual_rating,4,xgboost,6835,0.554394265356877,0.43680325119532015,,-0.33047804124353575,样本不足或真实评分无方差
actual_rating,4,mlp,6835,0.5761795861714135,0.4447083936942209,,-0.28802231852231164,样本不足或真实评分无方差
actual_rating,5,global_mean,4240,1.4701374999999999,1.4701374999999999,,-1.4701374999999999,样本不足或真实评分无方差
actual_rating,5,random_forest,4240,1.1873155598001892,1.116221555872692,,-1.116221555872692,样本不足或真实评分无方差
actual_rating,5,adaboost,4240,1.610598707221064,1.5773568270008433,,-1.5773568270008433,样本不足或真实评分无方差
actual_rating,5,xgboost,4240,1.154628798957524,1.0679849541131055,,-1.0679849541131055,样本不足或真实评分无方差
actual_rating,5,mlp,4240,1.0772862566575991,0.9795490062264152,,-0.9795490062264152,样本不足或真实评分无方差
cold_start,both_seen,global_mean,19967,1.1240800434890907,0.9435462494365703,-3.5410816061620665e-06,-0.002115263309460485,
cold_start,both_seen,random_forest,19967,0.9565354644962751,0.758741888104836,0.27588221241112576,-0.01653276424645619,
cold_start,both_seen,adaboost,19967,1.0626397508888954,0.8708026319688565,0.10632588609964799,-0.3196241210380625,
cold_start,both_seen,xgboost,19967,0.9696070545457902,0.770075096713647,0.25595603925000054,0.026053702293342897,
cold_start,both_seen,mlp,19967,0.9281629253339052,0.7327251022887765,0.3182023553981308,0.013430997545950818,
cold_start,unseen_movie_only,global_mean,33,1.848488455992234,1.6365958333333335,-0.9420743861372161,1.2874382575757577,
cold_start,unseen_movie_only,random_forest,33,1.2194315821816657,1.0589979031789147,0.15482381275342094,0.5924195565781244,
cold_start,unseen_movie_only,adaboost,33,1.2434172511356052,1.0902425837431666,0.12124835313196813,0.49895670566747236,
cold_start,unseen_movie_only,xgboost,33,1.3354918996958471,1.1724658734870679,-0.013712709192515327,0.6137623642430161,
cold_start,unseen_movie_only,mlp,33,1.3501185534696771,1.0939865121212122,-0.03603919523627597,0.7123201606060605,
user_activity,high,global_mean,13739,1.1203858348106612,0.9397343611252639,-0.0009007773741256386,0.03361095330810115,
user_activity,high,random_forest,13739,0.9390066865623085,0.745234814622365,0.296938724783009,-0.018236507893537167,
user_activity,high,adaboost,13739,1.0355358886338963,0.844080274214897,0.14496061924464498,-0.2848297473163728,
user_activity,high,xgboost,13739,0.9559702082146292,0.7595585353840073,0.2713071231661093,0.029711980670115726,
user_activity,high,mlp,13739,0.913264428345334,0.720207226843293,0.33495827759993757,0.007512779620059683,
user_activity,low,global_mean,1849,1.1261168347847108,0.9485661506219578,-0.006264163356785035,-0.08885031773931842,
user_activity,low,random_forest,1849,1.010926094410621,0.8132511082168544,0.18906897164324798,-0.05822065708916344,
user_activity,low,adaboost,1849,1.148015459394895,0.9563620472204659,-0.045780590271141675,-0.44959482812506846,
user_activity,low,xgboost,1849,1.0125895836680319,0.8105721486588309,0.18639798523231044,-0.011798892168176029,
user_activity,low,mlp,1849,0.9723939152630046,0.7743170976744186,0.24970928942641646,0.003994988101676578,
user_activity,medium,global_mean,4412,1.1417360907252365,0.958496469854941,-0.0034941885218784385,-0.06737231414324557,
user_activity,medium,random_forest,4412,0.9888678747219598,0.7802048489130846,0.2472340970432111,0.010798168305815413,
user_activity,medium,adaboost,4412,1.1091953781252766,0.9198009621569746,0.052891999444516946,-0.367382710312119,
user_activity,medium,xgboost,4412,0.9962481261368638,0.7888617881675903,0.23595587996551504,0.03492105188201152,
user_activity,medium,mlp,4412,0.9585814213554141,0.7569773955349047,0.29263850122765267,0.04104226679510426,
movie_popularity,high,global_mean,16160,1.0816344924031638,0.9143866058168316,-0.009920897672333284,-0.10720433168316819,
movie_popularity,high,random_forest,16160,0.9421454888081714,0.7451016195386226,0.233764536217124,-0.03664075065438631,
movie_popularity,high,adaboost,16160,1.0575188272147324,0.8696627137235559,0.03461061638443552,-0.3805107748564563,
movie_popularity,high,xgboost,16160,0.9543765441332424,0.7556409682746571,0.21374066120251223,0.007548482885750235,
movie_popularity,high,mlp,16160,0.9157320561056067,0.7233009840965348,0.27612573428137643,0.008285974170792078,
movie_popularity,low,global_mean,559,1.428894396850201,1.1892683139534883,-0.34192475628279895,0.7212757379248659,
movie_popularity,low,random_forest,559,1.0556386129087347,0.8637963251240361,0.26758297104214723,0.19491876404819083,
movie_popularity,low,adaboost,559,1.097831753362669,0.8893491725500837,0.207864504176274,0.11192501518439868,
movie_popularity,low,xgboost,559,1.0668746928713067,0.8833025071190167,0.25190849107186297,0.2370813594521265,
movie_popularity,low,mlp,559,1.0123866262563508,0.8058642279069768,0.3263711210401746,0.07257949874776387,
movie_popularity,medium,global_mean,3248,1.2631048538180678,1.0463360298645321,-0.10915232314844636,0.3962418103448277,
movie_popularity,medium,random_forest,3248,1.008254374812518,0.8085267741073836,0.2932714837731115,0.04711983921273193,
movie_popularity,medium,adaboost,3248,1.0817283550396086,0.8732821771225358,0.18651637937580468,-0.09096268059567032,
movie_popularity,medium,xgboost,3248,1.0255929790338385,0.8224031118483379,0.268755751317558,0.08180489849868079,
movie_popularity,medium,mlp,3248,0.9733441863590192,0.7670258962438425,0.3413643052370998,0.02884958300492611,
movie_popularity,unseen,global_mean,33,1.848488455992234,1.6365958333333335,-0.9420743861372161,1.2874382575757577,
movie_popularity,unseen,random_forest,33,1.2194315821816657,1.0589979031789147,0.15482381275342094,0.5924195565781244,
movie_popularity,unseen,adaboost,33,1.2434172511356052,1.0902425837431666,0.12124835313196813,0.49895670566747236,
movie_popularity,unseen,xgboost,33,1.3354918996958471,1.1724658734870679,-0.013712709192515327,0.6137623642430161,
movie_popularity,unseen,mlp,33,1.3501185534696771,1.0939865121212122,-0.03603919523627597,0.7123201606060605,
